kmetstvo,name,center,document,category
BGS01-01,Дрянковец,23889,1896,
BGS01-02,Зетьово,30805,1896,
BGS01-03,Карагеоргиево,36227,2,
BGS01-04,Караново,36381,2,
BGS01-06,Малка поляна,46440,660,
BGS01-07,Мъглен,49477,2,
BGS01-08,Пещерско,56321,2,
BGS01-09,Пирне,56438,2,
BGS01-10,Поляново,57426,660,
BGS01-11,Раклиново,62013,1896,
BGS01-12,Съдиево,70473,1896,
BGS01-13,Тополица,72727,2,
BGS01-14,Черна могила,80813,660,
BGS01-15,Черноград,81102,2,
BGS01-16,Чукарка,81640,2,
BGS04-02,Братово,06152,1896,
BGS04-03,Брястовец,06776,1896,
BGS04-04,Българово,07332,2,
BGS04-05,Драганово,23090,2,
BGS04-07,Изворище,32425,2,
BGS04-09,Маринка,47202,2,
BGS04-10,Равнец,61145,2,
BGS04-12,Твърдица,72151,2,
BGS04-14,Димчево,21141,1896,
BGS04-15,Извор,32367,1678,
BGS06-05,Дебелт,20273,2,
BGS06-08,Драчево,23604,2,
BGS06-09,Дюлево,24712,1896,
BGS06-10,Момина църква,29221,1896,
BGS06-11,Загорци,30168,1896,
BGS06-15,Орлинци,53984,1896,
BGS06-18,Светлина,65560,1896,
BGS06-23,Факия,76039,1896,
BGS06-24,Зорница,31379,1896,
BGS08-01,Винарско,11096,2,
BGS08-02,Вратица,12245,1896,
BGS08-03,Желязово,29249,1896,
BGS08-04,Кръстина,40381,2,
BGS08-05,Ливада,43623,1896,
BGS08-06,Константиново,52279,1896,
BGS08-07,Полски извор,57337,1896,
BGS08-08,Русокастро,63478,2,
BGS08-09,Свобода,65783,2,
BGS08-10,Трояново,73211,2,
BGS08-11,Тръстиково,73388,1896,
BGS08-12,Черни връх,80916,2,
BGS09-01,Аспарухово,00775,1896,
BGS09-02,Детелина,02765,1896,
BGS09-03,Венец,10625,1896,
BGS09-05,Деветак,20417,1896,
BGS09-07,Добриново,21508,1896,
BGS09-09,Драгово,23306,660,
BGS09-10,Екзарх Антимово,27169,2,
BGS09-12,Житосвят,29492,1896,
BGS09-13,Зимен,30853,1896,
BGS09-14,Искра,32809,2,
BGS09-15,Кликач,37201,2,
BGS09-16,Крумово градище,40021,2,
BGS09-19,Невестино,51202,2,
BGS09-22,Сигмен,66408,1896,
BGS09-23,Соколово,67920,660,
BGS09-24,Сърнево,70576,1896,
BGS09-26,Хаджиите,77089,660,
BGS09-28,Церковски,78416,1896,
BGS09-29,Черково,80755,1896,
BGS09-30,Огнен,53312,1896,
BGS12-05,Граматиково,17693,1896,
BGS12-07,Звездец,30483,2,
BGS13-01,Ахтопол,00878,2,
BGS13-02,Бродилово,06553,1896,
BGS13-04,Варвара,10094,1896,
BGS13-07,Кости,38947,1896,
BGS13-08,Лозенец,44094,2,
BGS13-12,Синеморец,66528,1896,
BGS15-01,Баня,02703,1896,
BGS15-02,Свети Влас,11538,2,
BGS15-03,Гюльовца,18469,2,
BGS15-04,Кошарица,39164,2,
BGS15-05,Обзор,53045,2,
BGS15-06,Оризаре,53822,2,
BGS15-08,Равда,61056,2,
BGS15-09,Тънково,73571,2,
BGS17-02,Ахелой,00833,2,
BGS17-03,Бата,02810,2,
BGS17-04,Габерово,14057,2,
BGS17-05,Горица,16064,2,
BGS17-06,Гълъбец,18229,2,
BGS17-07,Дъбник,24253,2,
BGS17-08,Белодол,27440,660,
BGS17-09,Каблешково,35033,2,
BGS17-10,Каменар,35691,1896,
BGS17-11,Козичино,37753,1896,
BGS17-12,Косовец,38769,1896,
BGS17-13,Лъка,44425,1896,
BGS17-14,Медово,47651,1896,
BGS17-15,Порой,57790,2,
BGS17-16,Страцин,69746,2,
BGS18-01,Билка,04056,2,
BGS18-02,Вишна,11363,660,
BGS18-03,Вресово,12303,2,
BGS18-04,Подгорец,15967,2,
BGS18-05,Добра поляна,21333,2,
BGS18-06,Добромир,21614,2,
BGS18-07,Дропла,23755,660,
BGS18-08,Дъскотна,24699,2,
BGS18-09,Заимчево,30234,2,
BGS18-10,Зайчар,30243,2,
BGS18-11,Каменяк,35955,1896,
BGS18-12,Каравельово,36213,2,
BGS18-13,Листец,43880,660,
BGS18-14,Люляково,44690,2,
BGS18-15,Припек,46930,2,
BGS18-16,Мрежичко,49254,2,
BGS18-17,Преображенци,51055,2,
BGS18-18,Планиница,56647,2,
BGS18-19,Просеник,58640,2,
BGS18-20,Разбойна,61666,2,
BGS18-21,Речица,62548,2,
BGS18-22,Рожден,62904,2,
BGS18-23,Рудина,63166,1896,
BGS18-24,Рупча,63375,2,
BGS18-25,Ръжица,63598,2,
BGS18-26,Скалак,66706,2,
BGS18-27,Снежа,67725,660,
BGS18-28,Снягово,67767,2,
BGS18-29,Соколец,67876,2,
BGS18-30,Средна махала,68401,660,
BGS18-31,Струя,69990,2,
BGS18-32,Топчийско,72864,2,
BGS18-33,Трънак,73287,2,
BGS18-34,Сини рид,80296,660,
BGS18-35,Череша,80563,2,
BGS18-36,Шиварово,83154,660,
BGS18-37,Ябълчево,87093,2,
BGS18-38,Ясеново,87638,660,
BGS21-03,Габър,14249,1896,
BGS21-05,Зидарово,30822,2,
BGS21-07,Индже войвода,32737,1896,
BGS21-08,Крушевец,40124,2,
BGS21-11,Равадиново,61042,2,
BGS21-12,Равна гора,61114,2,
BGS21-13,Атия,63015,2,
BGS21-14,Росен,63029,2,
BGS21-15,Черноморец,81178,2,
BGS23-04,Везенково,10327,660,
BGS23-05,Вълчин,12591,660,
BGS23-06,Грозден,17909,2,
BGS23-09,Камчия,36004,1896,
BGS23-10,Климаш,37215,660,
BGS23-11,Костен,38889,660,
BGS23-12,Лозарево,44029,2,
BGS23-13,Манолич,47096,1847,
BGS23-15,Подвис,56959,2,
BGS23-16,Прилеп,58325,2,
BGS23-18,Садово,65111,1896,
BGS23-19,Славянци,67115,2,
BGS23-20,Съединение,70514,2,
BGS23-22,Велислав,76056,1896,
BGS23-23,Черница,81006,2,
BGS23-24,Чубра,81582,2,
BGS27-01,Ново Паничарево,52129,2,
BGS27-02,Писменово,56513,1896,
BGS27-03,Ясна поляна,87655,2,
BGS27-04,Китен,37023,49,
BGS27-05,Веселие,10731,41,
BLG01-02,Добринище,21498,2,
BLG01-03,Кремен,39614,1896,
BLG01-04,Места,47857,1896,
BLG01-07,Филипово,76090,2,
BLG02-01,Бабяк,02107,2,
BLG02-04,Дагоново,20064,2,
BLG02-06,Краище,39270,2,
BLG02-07,Кузьово,40453,1896,
BLG02-08,Лютово,44762,1896,
BLG02-09,Орцево,53998,1896,
BLG02-10,Палатик,59330,1896,
BLG02-11,Горно Краище,77596,2,
BLG02-12,Черешово,80649,1896,
BLG03-01,Изгрев,00134,2,
BLG03-02,Бело поле,03664,2,
BLG03-03,Бистрица,04217,1896,
BLG03-05,Българчево,07377,1896,
BLG03-10,Дъбрава,24367,1896,
BLG03-11,Еленово,27231,1896,
BLG03-12,Зелендол,30702,1896,
BLG03-14,Лешко,43520,1896,
BLG03-15,Марулево,47370,1896,
BLG03-17,Падеш,55107,2,
BLG03-18,Покровник,57159,2,
BLG03-19,Рилци,62699,2,
BLG03-20,Селище,66055,1896,
BLG03-21,Логодаж,68792,2,
BLG03-22,Церово,78464,2,
BLG11-01,Баничан,02600,2,
BLG11-02,Борово,05606,2,
BLG11-03,Брезница,06306,2,
BLG11-04,Буково,07003,2,
BLG11-05,Господинци,17347,2,
BLG11-07,Корница,38666,2,
BLG11-08,Лъжница,44416,2,
BLG11-09,Мусомища,49432,2,
BLG13-01,Балдево,02381,1896,
BLG13-02,Горно Дряново,16763,2,
BLG13-03,Дебрен,20331,2,
BLG13-04,Долно Дряново,22616,2,
BLG13-05,Дъбница,24267,2,
BLG13-07,Крушево,40138,1896,
BLG13-08,Марчево,47408,1896,
BLG13-09,Огняново,53326,2,
BLG13-10,Ореше,53727,1896,
BLG13-11,Осиково,54184,2,
BLG13-12,Рибново,62640,2,
BLG13-13,Скребатно,66874,1896,
BLG13-14,Хвостяне,77222,2,
BLG28-01,Горна Брезница,16136,2,
BLG28-02,Долна Градешница,22068,2,
BLG28-05,Сливница,67369,1905,
BLG33-02,Беласица,03294,2,
BLG33-06,Габрене,14091,2,
BLG33-07,Гега,14581,1896,
BLG33-09,Долна Крушица,22143,1896,
BLG33-10,Долна Рибница,22246,1301,
BLG33-11,Долно Спанчево,22842,1896,
BLG33-13,Дрангово,23563,2,
BLG33-16,Кавракирово,35081,2,
BLG33-17,Камена,35688,1896,
BLG33-18,Капатово,36083,1896,
BLG33-19,Ключ,37349,2,
BLG33-20,Коларово,37989,2,
BLG33-21,Кромидово,39935,1896,
BLG33-23,Кулата,40539,2,
BLG33-24,Кърналово,40912,2,
BLG33-25,Марикостиново,47189,2,
BLG33-26,Марино поле,47247,1896,
BLG33-27,Мендово,47799,1896,
BLG33-28,Митино,48458,1896,
BLG33-29,Михнево,48578,2,
BLG33-30,Рупите,49312,2,
BLG33-31,Ново Кономлади,52091,1896,
BLG33-33,Генерал Тодоров,58390,2,
BLG33-34,Първомай,59077,2,
BLG33-35,Рибник,62623,1896,
BLG33-36,Ръждак,63542,1896,
BLG33-37,Самуилово,65293,2,
BLG33-39,Скрът,66901,2,
BLG33-40,Старчево,69119,2,
BLG33-41,Струмешница,69941,1896,
BLG33-42,Тополница,72744,2,
BLG33-44,Чуричени,81791,1896,
BLG33-45,Чучулигово,81832,1896,
BLG33-46,Яворница,87134,2,
BLG37-01,Баня,02693,2,
BLG37-02,Бачево,02960,2,
BLG37-03,Годлево,15326,2,
BLG37-04,Горно Драглище,16754,2,
BLG37-05,Добърско,21748,2,
BLG37-06,Долно Драглище,22602,2,
BLG37-07,Елешница,27293,164,
BLG40-03,Враня,12200,1896,
BLG40-04,Вълково,12471,770,
BLG40-08,Дамяница,20105,2,
BLG40-10,Джигурово,20780,2,
BLG40-13,Калиманци,35362,1896,
BLG40-14,Катунци,36693,2,
BLG40-19,Ласкарево,43150,1896,
BLG40-20,Лебница,43181,770,
BLG40-21,Левуново,43243,2,
BLG40-23,Лешница,43565,2,
BLG40-24,Лиляново,43699,1896,
BLG40-28,Мелник,47754,1896,
BLG40-29,Ново Делчево,52074,2,
BLG40-31,Петрово,56174,2,
BLG40-33,Пирин,56410,1896,
BLG40-34,Плоски,56839,2,
BLG40-35,Поленица,57176,2,
BLG40-37,Склаве,66785,2,
BLG40-38,Спатово,68223,1896,
BLG40-39,Струма,69938,2,
BLG40-41,Хотово,77361,1896,
BLG40-42,Хърсово,77565,1896,
BLG40-44,Яново,87446,1896,
BLG42-01,Боголин,04707,2,
BLG42-02,Ваклиново,10046,2,
BLG42-03,Вълкосел,12499,2,
BLG42-04,Годешево,15312,2,
BLG42-05,Долен,21868,2,
BLG42-06,Жижево,29372,2,
BLG42-07,Кочан,39089,2,
BLG42-08,Крибул,39726,2,
BLG42-09,Осина,54225,2,
BLG42-10,Плетена,56740,2,
BLG42-11,Слащен,67270,2,
BLG42-12,Туховища,73519,2,
BLG42-13,Фъргово,76203,2,
BLG44-01,Брежани,06238,2,
BLG44-02,Градево,17405,1896,
BLG44-03,Долно Осеново,22753,2,
BLG44-04,Железница,29146,1896,
BLG44-06,Крупник,40052,2,
BLG44-07,Полена,57162,2,
BLG44-08,Полето,57203,2,
BLG44-11,Черниче,81013,2,
BLG49-04,Добри Лаки,21467,1896,
BLG49-05,Драката,23532,1896,
BLG49-06,Игралище,32322,1896,
BLG49-07,Илинденци,32665,2,
BLG49-08,Каменица,35818,1896,
BLG49-12,Микрево,49686,2,
BLG49-15,Раздол,61772,1896,
BLG49-17,Цапарево,78046,1896,
BLG52-01,Абланица,00014,1486,
BLG52-02,Беслен,03976,2,
BLG52-03,Блатска,04399,2,
BLG52-06,Копривлен,38532,2,
BLG52-09,Ново Лески,52101,2,
BLG52-11,Петрелик,56109,1896,
BLG52-12,Садово,65108,2,
BLG52-13,Теплен,72268,660,
BLG52-14,Тешово,72374,1896,
BLG53-01,Аврамово,00059,2,
BLG53-02,Бел камен,03561,2,
BLG53-03,Бунцево,07822,2,
BLG53-04,Смолево,32603,2,
BLG53-05,Конарско,38220,2,
BLG53-06,Черна Места,81850,2,
BLG53-07,Юруково,86101,2,
DOB03-01,Безводица,03174,1896,
DOB03-02,Бобовец,04515,1896,
DOB03-03,Гурково,18160,2,
DOB03-04,Дропла,23769,1896,
DOB03-05,Дъбрава,24387,1896,
DOB03-06,Змеево,31245,1896,
DOB03-07,Кранево,39459,2,
DOB03-08,Кремена,39623,1896,
DOB03-09,Ляхово,44882,2,
DOB03-10,Царичино,48982,1896,
DOB03-11,Оброчище,53120,2,
DOB03-12,Преспа,58270,1896,
DOB03-13,Рогачево,62788,1896,
DOB03-14,Сенокос,66250,2,
DOB03-15,Соколово,67951,2,
DOB03-16,Стражица,69643,2,
DOB03-17,Тригорци,73095,1896,
DOB03-19,Църква,78639,1896,
DOB12-04,Василево,10183,2,
DOB12-08,Горица,18575,1896,
DOB12-09,Дъбовик,24339,1896,
DOB12-10,Житен,29444,1896,
DOB12-12,Изворово,32467,1896,
DOB12-13,Йовково,34045,2,
DOB12-15,Кардам,36467,2,
DOB12-18,Красен,39534,1896,
DOB12-19,Къпиново,40885,2,
DOB12-21,Люляково,44714,2,
DOB12-22,Малина,46351,1896,
DOB12-23,Петлешково,56040,1896,
DOB12-24,Писарово,56509,1896,
DOB12-26,Преселенци,58181,1896,
DOB12-27,Присад,58414,2,
DOB12-28,Пчеларово,58832,2,
DOB12-29,Равнец,61159,1896,
DOB12-30,Рогозина,62829,1896,
DOB12-32,Росица,63094,2,
DOB12-35,Снягово,67773,1896,
DOB12-36,Спасово,68196,2,
DOB12-40,Чернооково,81219,1896,
DOB15-01,Самуилово,00374,1896,
DOB15-02,Алцек,00429,660,
DOB15-03,Батово,02871,2,
DOB15-05,Бенковски,03860,2,
DOB15-06,Богдан,04580,1896,
DOB15-07,Божурово,05061,2,
DOB15-08,Бранище,06104,660,
DOB15-09,Ведрина,10307,2,
DOB15-10,Владимирово,11421,1896,
DOB15-11,Воднянци,11781,660,
DOB15-17,Победа,21083,2,
DOB15-19,Долина,21957,1896,
DOB15-20,Дончево,22988,2,
DOB15-21,Драганово,23128,1896,
DOB15-23,Енево,27468,2,
DOB15-24,Житница,29489,2,
DOB15-26,Камен,35674,1896,
DOB15-27,Карапелит,36419,2,
DOB15-28,Козлодуйци,37808,2,
DOB15-29,Котленци,39061,1896,
DOB15-31,Лясково,43431,660,
DOB15-32,Ловчанци,43997,2,
DOB15-33,Ломница,44272,660,
DOB15-36,Методиево,47901,1896,
DOB15-38,Овчарово,53210,2,
DOB15-39,Одринци,53432,1896,
DOB15-40,Одърци,53450,2,
DOB15-41,Опанец,53597,1896,
DOB15-43,Паскалево,55511,2,
DOB15-44,Плачидол,56695,2,
DOB15-45,Подслон,57087,660,
DOB15-46,Полковник Свещарово,57279,1896,
DOB15-49,Пчелино,58880,1896,
DOB15-51,Полковник Минково,59402,1896,
DOB15-52,Росеново,63063,1896,
DOB15-53,Свобода,65824,1896,
DOB15-54,Славеево,66946,1896,
DOB15-55,Смолница,67622,2,
DOB15-57,Стефан Караджа,69198,1896,
DOB15-58,Стефаново,69242,2,
DOB15-59,Стожер,69300,2,
DOB15-60,Сливенци,70812,1896,
DOB15-61,Тянево,73818,1896,
DOB15-62,Фелтфебел Денково,76064,2,
DOB15-63,Хитово,77284,1896,
DOB15-64,Царевец,78152,660,
DOB15-65,Черна,80769,2,
DOB17-01,Белгун,03318,2,
DOB17-04,Българево,07257,2,
DOB17-05,Видно,11003,1896,
DOB17-06,Вранино,12173,1896,
DOB17-12,Раковски,62092,1896,
DOB17-13,Свети Никола,65543,1896,
DOB17-14,Селце,66113,1896,
DOB17-15,Септемврийци,66281,2,
DOB17-16,Топола,72693,1896,
DOB20-01,Абрит,00031,1896,
DOB20-03,Бистрец,04193,660,
DOB20-04,Габер,14043,1896,
DOB20-05,Добрин,21470,1896,
DOB20-06,Ефрейтор Бакалово,27656,660,
DOB20-07,Загорци,30185,1896,
DOB20-08,Капитан Димитрово,36138,1896,
DOB20-09,Коритен,38618,660,
DOB20-10,Лозенец,44104,2,
DOB20-11,Полковник Дяково,57234,660,
DOB20-13,Северняк,65906,1896,
DOB20-14,Северци,65913,660,
DOB20-15,Телериг,72196,2,
DOB27-01,Ангеларий,00432,1896,
DOB27-02,Балик,02405,2,
DOB27-03,Безмер,03215,2,
DOB27-04,Божан,04916,2,
DOB27-05,Бонево,05342,2,
DOB27-07,Главанци,14982,2,
DOB27-08,Градница,17590,2,
DOB27-09,Гуслар,18191,2,
DOB27-10,Жегларци,29035,2,
DOB27-11,Зърнево,31396,2,
DOB27-12,Каблешково,35050,1896,
DOB27-13,Кладенци,37157,1896,
DOB27-14,Коларци,38025,2,
DOB27-15,Кочмар,39127,1896,
DOB27-17,Нова Камена,51812,2,
DOB27-19,Орляк,53953,2,
DOB27-20,Полковник Савово,57265,2,
DOB27-21,Попгруево,57563,2,
DOB27-22,Сърнец,70617,1896,
DOB27-23,Честименско,81270,2,
DOB29-02,Ваклино,10032,1896,
DOB29-05,Граничар,17782,1896,
DOB29-06,Дуранкулак,24102,2,
DOB29-09,Крапeц,39493,1896,
GAB05-04,Враниловци,12168,1896,
GAB05-05,Гергини,14814,1907,
GAB05-07,Гъбене,18215,1907,
GAB05-09,Донино,22959,1896,
GAB05-10,Драгановци,23159,2,
GAB05-12,Жълтеш,29547,1907,
GAB05-21,Музга,49299,1896,
GAB05-22,Новаковци,51843,1896,
GAB05-23,Поповци,57675,2,
GAB05-27,Чарково,81904,1907,
GAB05-28,Яворец,87120,2,
GAB12-02,Царева ливада,12677,2,
GAB12-03,Ганчовец,14458,1896,
GAB12-04,Гостилица,17350,1896,
GAB12-10,Радовци,61529,1896,
GAB29-01,Агатово,00103,2,
GAB29-02,Батошево,02885,2,
GAB29-03,Бериево,03914,1896,
GAB29-05,Богатово,04555,2,
GAB29-07,Горна Росица,16376,2,
GAB29-08,Градище,17542,1896,
GAB29-09,Градница,17587,2,
GAB29-10,Дамяново,20119,2,
GAB29-11,Добромирка,21628,2,
GAB29-12,Душево,24178,2,
GAB29-13,Идилево,32336,1896,
GAB29-15,Кормянско,38652,2,
GAB29-16,Крамолин,39431,2,
GAB29-17,Крушево,40141,2,
GAB29-18,Кръвеник,40275,1896,
GAB29-19,Ловнидол,43966,1896,
GAB29-20,Малки Вършец,46509,1896,
GAB29-21,Младен,48670,1896,
GAB29-23,Петко Славейков,56037,2,
GAB29-24,Ряховците,63673,2,
GAB29-25,Сенник,66216,2,
GAB29-26,Стоките,69417,1896,
GAB29-27,Столът,69451,1896,
GAB29-31,Хирево,77253,1896,
GAB29-32,Шумата,83497,2,
GAB29-33,Буря,07082,1896,
GAB35-04,Плачковци,56719,2,
HKV09-01,Бодрово,04844,1896,
HKV09-02,Брод,06547,2,
HKV09-03,Бряст,06762,1896,
HKV09-05,Воден,11644,1896,
HKV09-06,Голямо Асеново,15792,1896,
HKV09-07,Горски извор,17141,2,
HKV09-08,Длъгнево,21258,1896,
HKV09-09,Добрич,21539,2,
HKV09-10,Долно Белево,22561,1896,
HKV09-11,Здравец,30658,1896,
HKV09-12,Златополе,31156,2,
HKV09-13,Каснаково,36573,2,
HKV09-14,Крепост,39668,2,
HKV09-15,Крум,39966,2,
HKV09-16,Малко Асеново,46543,1896,
HKV09-17,Меричлери,47843,2,
HKV09-18,Радиево,61368,2,
HKV09-21,Скобелево,66831,2,
HKV09-22,Сталево,68669,2,
HKV09-23,Странско,69691,2,
HKV09-24,Върбица,76087,1896,
HKV09-25,Черногорово,81092,2,
HKV09-26,Ябълково,87076,2,
HKV11-01,Белополци,03681,660,
HKV11-02,Белополяне,03695,1896,
HKV11-04,Гугутка,18054,1896,
HKV11-05,Долно Луково,22705,1896,
HKV11-07,Железино,29101,1896,
HKV11-09,Кобилино,37410,1896,
HKV11-10,Кондово,38248,1896,
HKV11-11,Конници,38317,1896,
HKV11-15,Плевун,55748,1896,
HKV11-16,Планинец,56633,1896,
HKV11-19,Розино,62935,1896,
HKV11-20,Свирачи,65704,2,
HKV11-21,Славеево,66932,1896,
HKV11-23,Черни рид,80995,1896,
HKV11-24,Бялградец,07733,1896,
HKV11-25,Пъстроок,59197,1896,
HKV17-01,Белица,03544,1896,
HKV17-02,Вълче поле,12560,1896,
HKV17-03,Георги Добрево,14787,1896,
HKV17-04,Йерусалимово,34014,1896,
HKV17-05,Лозен,44077,2,
HKV17-06,Малко градище,46574,2,
HKV17-07,Оряхово,54033,1896,
HKV18-01,Бориславци,05503,1896,
HKV18-02,Горни Главанак,16496,1896,
HKV18-04,Долни Главанак,22375,1896,
HKV18-05,Долно Съдиево,22856,660,
HKV18-07,Златоустово,31173,1896,
HKV18-09,Ръженово,63584,1896,
HKV18-10,Селска поляна,66086,1896,
HKV18-12,Тополово,72792,1896,
HKV18-13,Румелия,63313,1896,
HKV19-01,Ангел войвода,00446,2,
HKV19-02,Боян Ботево,05983,2,
HKV19-03,Брястово,06803,1896,
HKV19-04,Винево,11106,2,
HKV19-05,Караманци,36325,2,
HKV19-06,Колец,38042,1896,
HKV19-07,Сираково,66634,1896,
HKV19-08,Спахиево,68237,1896,
HKV19-09,Сусам,70250,2,
HKV19-10,Сърница,70651,2,
HKV19-11,Татарево,72103,2,
HKV28-01,Генералово,14708,1896,
HKV28-02,Димитровче,21078,1896,
HKV28-03,Капитан Андреево,36110,2,
HKV28-04,Левка,43205,2,
HKV28-05,Михалич,65677,1896,
HKV28-06,Младиново,48698,1896,
HKV28-07,Момково,48979,2,
HKV28-08,Мустрак,49446,1896,
HKV28-09,Пъстрогор,59183,1896,
HKV28-10,Райкова могила,61844,1896,
HKV28-11,Сива река,66370,1896,
HKV28-12,Сладун,67146,1896,
HKV28-13,Студена,70055,2,
HKV28-14,Чернодъб,81116,1896,
HKV28-16,Мезек,47737,1896,
HKV29-01,Дряново,23964,1896,
HKV29-02,Калугерово,35599,1896,
HKV29-03,Константиново,38368,1896,
HKV29-04,Навъсен,51010,1896,
HKV29-06,Свирково,65721,2,
HKV29-07,Троян,73208,1896,
HKV29-08,Тянево,73821,1896,
HKV30-03,Воденци,11692,660,
HKV30-04,Войводенец,11822,1896,
HKV30-06,Голобрадово,15610,1896,
HKV30-09,Долно поле,22770,1896,
HKV30-11,Жълти бряг,29550,2,
HKV30-12,Балкан,02436,395,
HKV30-13,Бял кладенец,07781,395,
HKV30-14,Гледка,15093,395,
HKV30-15,Голям извор,15775,395,
HKV30-16,Долно Ботево,22575,395,
HKV30-17,Долно черковище,22887,395,
HKV30-18,Зимовина,30908,395,
HKV30-19,Лясковец,44803,395,
HKV30-20,Поповец,57618,395,
HKV30-21,Пчелари,58815,395,
HKV30-22,Светослав,65629,395,
HKV30-23,Тънково,73585,1896,
HKV30-24,Царева поляна,78094,1896,
HKV30-25,Кралево,39400,1896,
HKV30-26,Маджари,46070,660,
HKV30-27,Малък извор,46899,660,
HKV30-28,Пътниково,59207,1896,
HKV30-29,Рабово,61025,660,
HKV30-30,Силен,66411,660,
HKV32-01,Българска поляна,07346,1896,
HKV32-03,Капитан Петко войвода,24013,1896,
HKV32-05,Княжево,37407,1896,
HKV32-06,Мрамор,49219,2,
HKV32-07,Орешник,53802,2,
HKV32-08,Орлов дол,53895,2,
HKV32-11,Радовец,61491,2,
HKV32-13,Синапово,66487,2,
HKV32-14,Срем,68583,2,
HKV32-15,Устрем,75191,2,
HKV32-16,Хлябово,77325,2,
HKV33-01,Бисер,04128,2,
HKV33-02,Болярски извор,05298,660,
HKV33-03,Браница,06080,1896,
HKV33-04,Българин,07315,2,
HKV33-05,Върбово,12810,660,
HKV33-06,Доситеево,23011,1896,
HKV33-08,Иваново,32100,1896,
HKV33-09,Изворово,32487,1896,
HKV33-12,Надежден,51041,1896,
HKV33-13,Овчарово,53237,1896,
HKV33-14,Орешец,53775,1896,
HKV33-16,Поляново,57434,1896,
HKV33-17,Преславец,58244,1896,
HKV33-18,Рогозиново,62832,1896,
HKV33-19,Славяново,67101,2,
HKV33-20,Смирненци,67581,1896,
HKV33-21,Черепово,80552,1896,
HKV33-23,Шишманово,83377,660,
HKV34-01,Александрово,00326,1896,
HKV34-02,Брягово,06759,2,
HKV34-03,Войводово,11867,2,
HKV34-04,Въгларово,12382,2,
HKV34-05,Гарваново,14550,2,
HKV34-06,Големанци,15429,2,
HKV34-07,Горно Войводино,16729,1896,
HKV34-08,Гълъбец,18232,660,
HKV34-09,Динево,21155,2,
HKV34-10,Долно Войводино,22589,1896,
HKV34-11,Долно Големанци,24949,2,
HKV34-12,Елена,27200,2,
HKV34-13,Зорница,31365,660,
HKV34-14,Клокотница,37321,2,
HKV34-15,Книжовник,37383,2,
HKV34-16,Козлец,37770,2,
HKV34-17,Конуш,38399,2,
HKV34-18,Корен,38580,660,
HKV34-19,Криво поле,39863,2,
HKV34-21,Малево,46293,2,
HKV34-22,Манастир,46992,1896,
HKV34-23,Мандра,47055,660,
HKV34-24,Маслиново,47442,660,
HKV34-25,Николово,51682,1896,
HKV34-26,Нова Надежда,51891,2,
HKV34-27,Орлово,53936,2,
HKV34-28,Подкрепа,57042,1896,
HKV34-29,Родопи,62880,1896,
HKV34-30,Стамболийски,68692,2,
HKV34-31,Стойково,69359,1896,
HKV34-32,Текето,72182,660,
HKV34-33,Тракиец,72953,2,
HKV34-34,Узунджово,75085,2,
HKV34-35,Широка поляна,83288,660,
JAM03-01,Воден,11658,1896,
JAM03-03,Голямо Крушево,15881,1896,
JAM03-10,Малко Шарково,46704,1896,
JAM03-11,Мамарчево,46958,2,
JAM03-13,Попово,57652,1896,
JAM03-16,Стефан Караджово,69208,2,
JAM03-18,Шарково,83051,1896,
JAM07-02,Бояново,06001,2,
JAM07-05,Гранитово,17748,2,
JAM07-08,Изгрев,32576,2,
JAM07-11,Лесово,43459,2,
JAM07-12,Маломирово,46797,2,
JAM07-13,Малък манастир,46904,2,
JAM07-14,Мелница,47768,2,
JAM07-15,Пчела,58801,2,
JAM07-16,Кирилово,36909,1896,
JAM07-17,Раздел,61738,1896,
JAM07-18,Жребино,29516,1896,
JAM07-19,Трънково,73328,1896,
JAM22-01,Александрово,00343,1896,
JAM22-02,Атолово,00816,1896,
JAM22-04,Воденичане,11661,2,
JAM22-05,Войника,11908,2,
JAM22-07,Зимница,30898,2,
JAM22-09,Иречеково,32771,2,
JAM22-10,Каменец,35794,2,
JAM22-12,Лозенец,44118,2,
JAM22-13,Люлин,44666,1896,
JAM22-16,Палаузово,55244,1896,
JAM22-19,Първенец,59046,1896,
JAM22-20,Маленово,46303,1896,
JAM22-21,Джинот,20804,1896,
JAM22-22,Недялско,51384,1896,
JAM22-23,Поляна,57409,1896,
JAM22-24,Тамарино,72076,1896,
JAM22-25,Чарда,80220,1896,
JAM25-02,Безмер,03229,2,
JAM25-04,Ботево,05863,2,
JAM25-05,Бояджик,05952,2,
JAM25-06,Веселиново,10776,2,
JAM25-07,Генерал Тошево,14725,1896,
JAM25-08,Голям манастир,15789,2,
JAM25-09,Гълъбинци,18259,1896,
JAM25-10,Дражево,23501,2,
JAM25-13,Завой,30096,2,
JAM25-14,Златари,30956,1896,
JAM25-15,Генерал Инзово,32740,1486,
JAM25-16,Кабиле,35028,2,
JAM25-17,Калчево,35609,2,
JAM25-21,Крумово,40018,2,
JAM25-22,Кукорево,40484,2,
JAM25-23,Маломир,46783,2,
JAM25-27,Могила,48787,2,
JAM25-28,Овчи кладенец,53299,2,
JAM25-29,Окоп,53480,2,
JAM25-30,Победа,56873,2,
JAM25-31,Робово,62757,1896,
JAM25-32,Роза,62921,2,
JAM25-33,Савино,65036,1896,
JAM25-35,Скалица,66737,2,
JAM25-36,Сламино,67177,1896,
JAM25-37,Стара река,68878,1896,
JAM25-38,Тенево,72240,2,
JAM25-39,Търнава,73657,1896,
JAM25-40,Хаджидимитрово,77030,2,
JAM25-41,Ханово,77150,2,
JAM25-42,Чарган,80217,2,
JAM25-43,Болярско,05308,1896,
JAM25-44,Каравелово,36200,1896,
JAM25-45,Козарево,37681,428,
JAM25-46,Меден кладенец,47562,1896,
JAM25-47,Межда,47682,1896,
JAM25-48,Миладиновци,48101,1896,
JAM25-49,Симеоново,66456,1896,
JAM25-50,Челник,80306,1896,
JAM25-51,Коневец,38279,1896,
KNL04-05,Голям Върбовник,15457,1896,
KNL04-06,Големо село,15535,2,
KNL04-10,Мала Фуча,46262,1896,
KNL04-13,Мламолово,48711,2,
KNL04-14,Бабино,02049,1896,
KNL04-15,Долистово,21974,1896,
KNL04-16,Коркина,38635,1896,
KNL04-17,Мало село,46824,1896,
KNL05-02,Блажиево,04314,2,
KNL05-08,Слатино,67252,2,
KNL05-10,Усойка,75174,2,
KNL27-01,Бараково,02748,1896,
KNL27-03,Бураново,07065,1896,
KNL27-06,Мурсалево,49360,2,
KNL27-07,Пороминово,57830,2,
KNL27-08,Стоб,69261,2,
KNL29-01,Багренци,02138,2,
KNL29-02,Берсин,03962,1896,
KNL29-04,Богослов,04796,685,
KNL29-06,Гирчевци,14917,1896,
KNL29-09,Горна Гращица,16198,685,
KNL29-10,Грамаждано,17680,1896,
KNL29-11,Граница,17751,2,
KNL29-12,Гърляно,18352,1896,
KNL29-13,Гюешево,18455,1896,
KNL29-14,Дворище,20208,1896,
KNL29-15,Долна Гращица,22071,1896,
KNL29-17,Драговищица,23282,2,
KNL29-18,Жабокрът,29026,2,
KNL29-19,Жиленци,29386,2,
KNL29-22,Коняво,38432,2,
KNL29-23,Копиловци,38474,2,
KNL29-24,Лозно,44183,2,
KNL29-27,Вратца,48355,1896,
KNL29-28,Нови чифлик,52026,1896,
KNL29-30,Николичевци,52400,685,
KNL29-31,Пиперков чифлик,56378,2,
KNL29-34,Радловци,61457,1896,
KNL29-36,Раждавица,63536,1896,
KNL29-38,Скриняно,66891,1896,
KNL29-39,Слокощица,67461,2,
KNL29-40,Соволяно,67790,2,
KNL29-41,Стенско,69167,1896,
KNL29-42,Таваличево,72045,1896,
KNL29-43,Търновлаг,73691,1896,
KNL29-46,Шишковци,83354,2,
KNL29-47,Ябълково,87062,2,
KNL31-01,Ваксево,10050,2,
KNL31-04,Друмохар,23827,1896,
KNL31-09,Лиляч,43709,1896,
KNL31-16,Рашка Гращица,62284,1896,
KNL31-21,Четирци,81284,1896,
KNL38-02,Пастра,55539,1896,
KNL38-04,Смочево,67698,1896,
KNL41-01,Овчарци,53254,2,
KNL41-02,Ресилово,62520,2,
KNL41-03,Сапарево,65379,2,
KNL48-01,Баланово,02350,2,
KNL48-02,Бистрица,04220,2,
KNL48-03,Блатино,04354,1896,
KNL48-06,Джерман,20763,2,
KNL48-09,Крайници,39339,2,
KNL48-11,Палатово,55230,1896,
KNL48-12,Пиперево,56349,1896,
KNL48-13,Самораново,65245,2,
KNL48-14,Тополница,72758,1896,
KNL48-15,Червен брег,80491,2,
KNL48-16,Яхиново,87727,2,
KNL48-17,Дяково,24791,1896,
KRZ02-01,Ахрянско,00864,1896,
KRZ02-02,Башево,02991,2,
KRZ02-03,Бял извор,07747,1896,
KRZ02-04,Богатино,07925,1896,
KRZ02-05,Голобрад,15607,1896,
KRZ02-06,Горно Прахово,16910,2,
KRZ02-07,Гърбище,18321,1896,
KRZ02-08,Долно Прахово,22784,1896,
KRZ02-09,Еньовче,27543,1896,
KRZ02-10,Жълтуша,29605,2,
KRZ02-11,Китница,37085,1896,
KRZ02-12,Кроячево,39952,1896,
KRZ02-13,Ленище,43270,2,
KRZ02-14,Любино,44584,1896,
KRZ02-15,Търносливка,73732,1896,
KRZ02-16,Млечино,48756,1896,
KRZ02-17,Падина,55124,161,
KRZ02-18,Правдолюб,58013,1896,
KRZ02-19,Русалско,63402,1896,
KRZ02-20,Светулка,65646,1896,
KRZ02-21,Синчец,66562,2,
KRZ02-23,Сухово,70319,1896,
KRZ02-24,Седларци,70771,1896,
KRZ02-25,Брезен,77116,2,
KRZ02-26,Рибарци,54260,1896,
KRZ02-27,Боровица,80176,2,
KRZ02-28,Чубрика,81596,2,
KRZ02-29,Хромица,77487,1896,
KRZ02-30,Ябълковец,87059,2,
KRZ02-31,Чернигово,80964,1896,
KRZ02-32,Червена скала,81921,1896,
KRZ02-33,Левци,44896,1896,
KRZ02-34,Теменуга,47809,1896,
KRZ02-35,Бистроглед,04248,1896,
KRZ02-36,Търна,73897,1896,
KRZ02-37,Искра,32946,1896,
KRZ02-38,Дядовци,24788,1896,
KRZ02-39,Дедино,24880,1896,
KRZ02-40,Срънско,68597,1896,
KRZ08-01,Великденче,10389,1896,
KRZ08-02,Воденичарско,11689,2,
KRZ08-03,Генерал Гешево,14647,2,
KRZ08-04,Добринци,21525,2,
KRZ08-05,Душинково,24195,1896,
KRZ08-06,Желъдово,29180,2,
KRZ08-07,Козица,37736,1464,
KRZ08-08,Контил,38371,1896,
KRZ08-09,Мишевско,48622,1896,
KRZ08-10,Папрат,55436,1896,
KRZ08-11,Плазище,56589,1896,
KRZ08-12,Поточе,57947,1896,
KRZ08-13,Припек,58387,2,
KRZ08-14,Ридино,62654,2,
KRZ08-15,Рогозче,62846,1896,
KRZ08-16,Слънчоглед,67502,2,
KRZ08-17,Телчарка,72211,1896,
KRZ08-18,Търновци,73715,1896,
KRZ08-19,Устрен,75201,1896,
KRZ08-20,Църквица,78642,1896,
KRZ08-21,Чакалци,80128,1896,
KRZ08-22,Щерна,84019,1896,
KRZ08-23,Вълкович,12468,1896,
KRZ08-24,Илийско,32634,1896,
KRZ08-25,Казаците,35184,1896,
KRZ08-26,Купците,40676,1896,
KRZ08-27,Лебед,43178,1896,
KRZ08-28,Мрежичко,49268,1896,
KRZ08-29,Овчево,53271,1896,
KRZ08-30,Подвръх,56976,1896,
KRZ08-31,Полънец,57412,1896,
KRZ08-32,Сипец,70809,1896,
KRZ08-33,Скалина,66723,1896,
KRZ08-34,Софийци,68120,1896,
KRZ08-35,Рогозари,62801,1896,
KRZ08-37,Черешка,81935,1896,
KRZ08-38,Ямино,87388,1896,
KRZ08-39,Тютюнче,73804,1896,
KRZ14-01,Върбен,00120,2,
KRZ14-02,Бенковски,03825,2,
KRZ14-03,Вълчанка,13055,1896,
KRZ14-04,Горно Къпиново,16821,1896,
KRZ14-05,Горски извор,17138,2,
KRZ14-06,Гривяк,17871,1896,
KRZ14-07,Горно Кирково,18558,2,
KRZ14-08,Делвино,20554,660,
KRZ14-09,Джерово,20777,1896,
KRZ14-10,Добромирци,21631,1896,
KRZ14-11,Долно Къпиново,22678,660,
KRZ14-12,Домище,22928,660,
KRZ14-13,Дрангово,23577,2,
KRZ14-14,Дюлица,24743,660,
KRZ14-15,Завоя,30106,1896,
KRZ14-16,Загорски,30140,1896,
KRZ14-17,Каялоба,36748,660,
KRZ14-18,Китна,37071,1896,
KRZ14-19,Кран,39445,660,
KRZ14-20,Крилатица,39877,660,
KRZ14-21,Кукуряк,40511,1896,
KRZ14-22,Кърчовско,40988,1896,
KRZ14-23,Лозенградци,44080,1896,
KRZ14-24,Малкоч,46680,660,
KRZ14-25,Медевци,47531,1896,
KRZ14-26,Метличка,47891,1896,
KRZ14-27,Мъглене,49480,1896,
KRZ14-28,Орлица,53878,1896,
KRZ14-29,Островец,54393,660,
KRZ14-30,Пловка,56808,1896,
KRZ14-31,Подкова,57039,1896,
KRZ14-32,Пресека,58178,660,
KRZ14-33,Растник,62236,660,
KRZ14-34,Самодива,65214,1896,
KRZ14-35,Самокитка,65228,660,
KRZ14-36,Средско,68577,1896,
KRZ14-37,Старово,68953,660,
KRZ14-38,Стоманци,69482,660,
KRZ14-39,Стрижба,69866,1896,
KRZ14-40,Тихомир,72463,2,
KRZ14-41,Фотиново,76159,1896,
KRZ14-42,Чакаларово,80090,1896,
KRZ14-43,Чичево,81493,660,
KRZ14-44,Чорбаджийско,81565,2,
KRZ14-45,Шопци,83449,1896,
KRZ14-46,Шумнатица,83538,1896,
KRZ14-47,Първица,59063,1896,
KRZ14-48,Априлци,00905,1896,
KRZ14-49,Брегово,07942,1896,
KRZ14-50,Дружинци,23803,1896,
KRZ14-51,Здравчец,30675,1896,
KRZ14-52,Метличина,47888,1896,
KRZ14-53,Могиляне,48845,1896,
KRZ14-54,Янино,87415,1896,
KRZ14-55,Дедец,20496,1896,
KRZ14-56,Дрянова глава,23892,1896,
KRZ14-57,Еровете,27591,1896,
KRZ14-58,Козлево,37767,1896,
KRZ14-59,Кремен,41174,1896,
KRZ14-60,Първенци,59054,1896,
KRZ14-61,Старейшино,68895,1896,
KRZ14-62,Хаджийско,77092,1896,
KRZ14-63,Шипок,83226,1896,
KRZ15-01,Аврен,00093,2,
KRZ15-02,Багрилци,02141,660,
KRZ15-03,Бук,06906,2,
KRZ15-04,Вранско,12190,2,
KRZ15-05,Голяма Чинка,15713,1896,
KRZ15-06,Голям Девесил,15727,1896,
KRZ15-07,Голямо Каменяне,15878,660,
KRZ15-08,Горна кула,16287,1896,
KRZ15-10,Гривка,17868,1896,
KRZ15-11,Гулийка,18071,1896,
KRZ15-14,Девесилово,20403,1896,
KRZ15-15,Джанка,20732,1896,
KRZ15-16,Долна кула,22157,660,
KRZ15-17,Егрек,27036,2,
KRZ15-18,Звънарка,30538,1896,
KRZ15-19,Кандилка,36021,660,
KRZ15-20,Ковил,37558,1896,
KRZ15-21,Красино,39565,660,
KRZ15-22,Къклица,40823,660,
KRZ15-23,Лещарка,43596,660,
KRZ15-25,Луличка,44344,660,
KRZ15-26,Малко Каменяне,46601,660,
KRZ15-27,Малък Девесил,46872,2,
KRZ15-28,Метлика,47860,660,
KRZ15-29,Морянци,49103,1896,
KRZ15-30,Овчари,53206,660,
KRZ15-31,Перуника,55899,1896,
KRZ15-32,Подрумче,57062,660,
KRZ15-33,Полковник Желязово,57248,1896,
KRZ15-34,Поточница,57950,1896,
KRZ15-35,Рибино,62617,1896,
KRZ15-36,Рогач,62774,2,
KRZ15-37,Самовила,65190,1896,
KRZ15-38,Синигер,66545,660,
KRZ15-39,Сливарка,67297,660,
KRZ15-40,Стари чал,68936,1896,
KRZ15-41,Странджево,69688,1896,
KRZ15-42,Студен кладенец,70104,660,
KRZ15-43,Тинтява,72429,660,
KRZ15-44,Токачка,72610,660,
KRZ15-45,Пашинци,55614,2,
KRZ15-46,Храстово,77428,1896,
KRZ15-47,Чал,80145,660,
KRZ15-48,Черничево,81027,660,
KRZ15-49,Чернооки,81205,660,
KRZ15-50,Благун,04306,1896,
KRZ15-51,Дъждовник,24459,1896,
KRZ15-52,Орех,54821,1694,
KRZ15-53,Малка Чинка,46471,1896,
KRZ15-54,Златолист,31142,1896,
KRZ15-55,Раличево,62178,1896,
KRZ15-56,Сърнак,70559,1896,
KRZ15-57,Пелин,55751,1896,
KRZ15-58,Гулия,18085,1896,
KRZ15-59,Хисар,77267,1896,
KRZ15-60,Бараци,02751,1896,
KRZ15-61,Качулка,36717,1896,
KRZ15-62,Тополка,72730,1896,
KRZ15-64,Скалак,66716,1896,
KRZ15-65,Едрино,27680,1896,
KRZ15-66,Каменка,35849,1896,
KRZ15-67,Поточарка,57933,1896,
KRZ15-68,Бряговец,06728,1896,
KRZ15-69,Котлари,39058,1896,
KRZ15-71,Ручей,63505,1896,
KRZ16-01,Бащино,03006,660,
KRZ16-02,Бели пласт,03499,660,
KRZ16-03,Бойно,05205,1896,
KRZ16-04,Велешани,10358,660,
KRZ16-05,Висока поляна,11243,660,
KRZ16-06,Воловарци,12053,660,
KRZ16-07,Глухар,15216,2,
KRZ16-08,Горна крепост,16267,1896,
KRZ16-09,Дъждовница,24462,1896,
KRZ16-10,Енчец,27512,1896,
KRZ16-11,Жинзифово,29407,2,
KRZ16-12,Звиница,30524,1896,
KRZ16-13,Калоянци,35540,1896,
KRZ16-14,Кобиляне,37438,660,
KRZ16-15,Конево,38282,1896,
KRZ16-16,Костино,38981,1896,
KRZ16-17,Кьосево,41085,660,
KRZ16-18,Македонци,46214,1896,
KRZ16-19,Миладиново,48074,1896,
KRZ16-20,Мост,49120,1896,
KRZ16-21,Мургово,49343,660,
KRZ16-22,Ненково,51442,1896,
KRZ16-23,Опълченско,53638,1896,
KRZ16-24,Островица,54403,1896,
KRZ16-25,Пеньово,55823,1896,
KRZ16-26,Перперек,55885,1896,
KRZ16-27,Повет,56928,1896,
KRZ16-28,Прилепци,58342,660,
KRZ16-29,Рани лист,62195,1896,
KRZ16-30,Резбарци,62445,1896,
KRZ16-31,Седловина,65975,660,
KRZ16-32,Сипей,66603,1896,
KRZ16-33,Скалище,66740,1896,
KRZ16-34,Скална глава,66754,1896,
KRZ16-35,Солище,68014,1896,
KRZ16-37,Стремци,69852,558,
KRZ16-38,Черешица,80594,660,
KRZ16-39,Чилик,81362,1896,
KRZ16-40,Чифлик,81462,660,
KRZ16-41,Широко поле,83315,2,
KRZ16-43,Крайно село,39342,1896,
KRZ16-44,Звезделина,30466,2,
KRZ16-45,Соколяне,67982,558,
KRZ16-46,Три могили,73136,1896,
KRZ16-47,Царевец,78149,558,
KRZ16-48,Ястреб,87672,558,
KRZ16-49,Люляково,44700,558,
KRZ16-50,Айрово,00148,1896,
KRZ16-51,Багра,02124,1896,
KRZ16-52,Бленика,04409,1896,
KRZ16-53,Божак,04902,1896,
KRZ16-54,Болярци,05325,1896,
KRZ16-55,Брош,06567,1896,
KRZ16-56,Бяла поляна,07658,1896,
KRZ16-57,Белка,07764,1896,
KRZ16-58,Вишеград,11346,1896,
KRZ16-59,Гняздово,15268,1896,
KRZ16-60,Гъсково,18410,1896,
KRZ16-61,Долище,21991,1896,
KRZ16-62,Долна крепост,22134,1896,
KRZ16-63,Дъждино,24445,1896,
KRZ16-64,Зайчино,30260,1896,
KRZ16-65,Звезден,30475,1896,
KRZ16-66,Звънче,30586,1896,
KRZ16-67,Зелениково,30747,1896,
KRZ16-68,Зимзелен,30867,1896,
KRZ16-69,Иванци,32161,1896,
KRZ16-70,Калинка,35403,1896,
KRZ16-71,Каменарци,35732,1896,
KRZ16-72,Кокиче,37928,1896,
KRZ16-73,Кокошане,37962,1896,
KRZ16-74,Крин,39894,1896,
KRZ16-75,Крушевска,40169,1896,
KRZ16-76,Мъдрец,49521,1896,
KRZ16-77,Невестино,35136,1896,
KRZ16-78,Орешница,53816,1896,
KRZ16-79,Охлювец,54479,1896,
KRZ16-80,Панчево,55422,1896,
KRZ16-81,Пепелище,55840,1896,
KRZ16-82,Петлино,56054,1896,
KRZ16-83,Пропаст,58623,1896,
KRZ16-84,Пъдарци,58997,1896,
KRZ16-85,Рудина,63170,1896,
KRZ16-86,Сватбаре,65512,1896,
KRZ16-87,Севдалина,65890,1896,
KRZ16-88,Сестринско,66336,1896,
KRZ16-89,Скърбино,66929,1896,
KRZ16-90,Срединка,68336,1896,
KRZ16-91,Стражевци,69612,1896,
KRZ16-92,Страхил войвода,69715,1896,
KRZ16-93,Стремово,69849,1896,
KRZ16-94,Черна скала,80844,1896,
KRZ16-95,Черньовци,81267,1896,
KRZ16-96,Яребица,87494,1896,
KRZ21-01,Багрянка,02155,1449,
KRZ21-02,Балабаново,02292,1896,
KRZ21-03,Биволяне,04008,1896,
KRZ21-04,Врело,12293,1896,
KRZ21-05,Горско Дюлево,17186,1896,
KRZ21-06,Груево,17988,1896,
KRZ21-07,Гургулица,18126,1896,
KRZ21-08,Джелепско,20755,1357,
KRZ21-09,Загорско,30154,1357,
KRZ21-10,Звездел,30452,1359,
KRZ21-11,Карамфил,36350,1357,
KRZ21-12,Конче,38409,1357,
KRZ21-13,Лале,43102,1896,
KRZ21-14,Нановица,51097,2,
KRZ21-15,Неофит Бозвелиево,51473,2,
KRZ21-16,Пиявец,56575,1896,
KRZ21-17,Птичар,58757,1357,
KRZ21-18,Равен,61063,1896,
KRZ21-19,Садовица,65098,1896,
KRZ21-20,Седефче,65944,1357,
KRZ21-21,Седлари,65961,1357,
KRZ21-22,Синделци,66500,1357,
KRZ21-23,Соколино,67882,2,
KRZ21-24,Чайка,80087,1357,
KRZ21-25,Кременец,80131,1896,
KRZ21-26,Чуково,81734,1896,
KRZ21-27,Върхари,86030,1896,
KRZ21-28,Девинци,24966,1896,
KRZ21-29,Постник,57892,1357,
KRZ21-30,Ауста,00828,1358,
KRZ21-31,Пазарци,55169,1359,
KRZ21-32,Прогрес,59361,1464,
KRZ21-33,Плешинци,56767,1896,
KRZ21-35,Свобода,65797,1896,
KRZ21-38,Ралица,62147,1896,
KRZ21-39,Кос,38697,1896,
KRZ21-43,Чобанка,81517,1896,
KRZ21-44,Татул,72134,1896,
KRZ21-45,Каменец,03258,1896,
KRZ35-02,Бели вир,03410,2,
KRZ35-03,Габрово,14221,2,
KRZ35-04,Даскалово,20167,660,
KRZ35-05,Драганово,23114,1896,
KRZ35-06,Дядовско,24774,660,
KRZ35-07,Железник,29132,1896,
KRZ35-09,Житница,29461,1896,
KRZ35-10,Йончово,34117,1896,
KRZ35-11,Каняк,36066,1896,
KRZ35-12,Комунига,38176,2,
KRZ35-13,Лясково,44820,2,
KRZ35-14,Минзухар,48307,2,
KRZ35-17,Паничково,55395,2,
KRZ35-18,Патица,55568,1896,
KRZ35-19,Петелово,55960,660,
KRZ35-21,Свободиново,65841,1896,
KRZ35-22,Яворово,87165,660,
KRZ35-23,Бакалите,02261,1896,
KRZ35-24,Божурци,05089,1896,
KRZ35-25,Бостанци,05791,1896,
KRZ35-26,Бърза река,07472,1896,
KRZ35-27,Верско,10700,1896,
KRZ35-28,Водач,11613,1896,
KRZ35-29,Вождово,11805,1896,
KRZ35-30,Възел,12423,1896,
KRZ35-31,Каблешково,35047,1896,
KRZ35-32,Нови пазар,51994,1896,
KRZ35-33,Пряпорец,58731,1896,
KRZ35-34,Среднево,68415,1896,
KRZ35-35,Стражница,69657,1896,
KRZ35-36,Черна нива,80830,1896,
KRZ35-37,Ябълчени,87103,1896,
LOV02-01,Велчево,10567,1896,
LOV17-01,Горско Сливово,17244,2,
LOV17-02,Крушуна,40261,2,
LOV18-01,Абланица,00028,1896,
LOV18-02,Александрово,00299,2,
LOV18-03,Баховица,02935,2,
LOV18-05,Българене,07260,1896,
LOV18-06,Владиня,11452,1896,
LOV18-07,Горан,16002,1896,
LOV18-08,Горно Павликене,16883,1896,
LOV18-11,Дойренци,21823,2,
LOV18-12,Дренов,23666,1896,
LOV18-14,Йоглав,34093,1896,
LOV18-15,Казачево,35198,1896,
LOV18-16,Къкрина,40837,1896,
LOV18-18,Лисец,43829,2,
LOV18-19,Малиново,46396,2,
LOV18-21,Пресяка,58308,1896,
LOV18-22,Скобелево,66799,1896,
LOV18-23,Славяни,67060,2,
LOV18-24,Слатина,67218,2,
LOV18-26,Смочан,67670,1896,
LOV18-28,Радювене,69523,2,
LOV18-30,Умаревци,75112,1896,
LOV18-31,Хлевене,77311,1896,
LOV18-32,Чавдарци,80039,1896,
LOV19-01,Бежаново,03143,2,
LOV19-02,Беленци,03373,2,
LOV19-03,Дерманци,20688,2,
LOV19-04,Дъбен,24236,1896,
LOV19-05,Карлуково,36511,2,
LOV19-06,Торос,43058,2,
LOV19-07,Петревене,56099,2,
LOV19-09,Румянцево,63327,2,
LOV19-10,Тодоричене,72552,2,
LOV19-11,Ъглен,85010,2,
LOV33-01,Български извор,07357,2,
LOV33-04,Галата,14386,2,
LOV33-05,Глогово,15148,2,
LOV33-06,Гложене,15165,1378,
LOV33-07,Голям извор,15758,1378,
LOV33-08,Градежница,17419,2,
LOV33-09,Дивчовото,20996,1896,
LOV33-11,Рибарица,62579,1378,
LOV33-12,Черни Вит,80902,2,
LOV33-13,Васильово,10272,1896,
LOV33-14,Бабинци,07884,1896,
LOV34-02,Балканец,02448,1896,
LOV34-03,Бели Осъм,03486,2,
LOV34-04,Белиш,03558,1896,
LOV34-05,Борима,05445,2,
LOV34-06,Врабево,12108,1827,
LOV34-07,Голяма Желязна,15703,2,
LOV34-08,Горно Трапе,16986,1896,
LOV34-09,Гумощник,18109,1896,
LOV34-10,Дебнево,20300,2,
LOV34-12,Дълбок дол,24476,1896,
LOV34-13,Калейца,35290,2,
LOV34-15,Орешак,53707,1827,
LOV34-18,Терзийско,72309,1896,
LOV34-19,Черни Осъм,80981,1827,
LOV34-21,Шипково,83212,2,
LOV34-22,Добродан,21590,1896,
LOV34-23,Ломец,44241,1896,
LOV34-24,Старо село,70500,1896,
LOV34-25,Чифлик,81476,1896,
LOV36-03,Каленик,35331,1896,
LOV36-04,Катунец,36662,2,
LOV36-05,Кирчево,36943,2,
LOV36-06,Лесидрен,43325,2,
LOV36-07,Драгана,23060,1896,
LOV36-08,Голец,15552,1896,
LOV36-09,Микре,48060,1896,
LOV36-10,Сопот,68076,1896,
LOV38-01,Батулци,02909,1896,
LOV38-02,Брестница,06450,2,
LOV38-03,Голяма Брестница,15655,1896,
LOV38-04,Добревци,21381,2,
LOV38-06,Златна Панега,31098,2,
LOV38-07,Орешене,53730,1896,
LOV38-08,Малък извор,46886,1896,
MON02-02,Бистрилица,04203,1896,
MON02-04,Боровци,05654,2,
MON02-05,Бързия,07510,2,
MON02-06,Гаганица,14297,1896,
MON02-07,Замфирово,30301,2,
MON02-10,Котеновци,39044,1896,
MON02-12,Мездрея,47723,1896,
MON02-14,Слатина,67221,1896,
MON02-16,Ягодово,87237,1896,
MON04-03,Владимирово,11418,2,
MON04-04,Громшин,17943,2,
MON04-05,Ерден,27557,2,
MON04-07,Лехчево,43517,2,
MON04-08,Мадан,46036,2,
MON04-09,Мърчево,49607,2,
MON04-10,Охрид,54496,2,
MON04-11,Бели брод,03397,1896,
MON04-12,Кобиляк,37424,1896,
MON04-13,Портитовци,57844,436,
MON07-02,Василовци,10255,2,
MON07-03,Дондуково,22945,2,
MON07-06,Княжева махала,37397,1896,
MON07-07,Крива бара,39743,2,
MON07-08,Смирненски,67564,2,
MON07-09,Киселево,36957,1896,
MON07-10,Буковец,06971,1896,
MON11-03,Септемврийци,16184,2,
MON11-04,Горни Цибър,16639,1896,
MON11-05,Долни Цибър,22530,2,
MON11-06,Златия,31053,2,
MON11-07,Игнатово,32295,1896,
MON11-08,Мокреш,48859,2,
MON11-09,Разград,61707,2,
MON11-10,Черни връх,80933,2,
MON12-02,Горно Озирово,16866,1896,
MON12-04,Долно Озирово,22747,2,
MON12-05,Драганица,23073,1896,
MON12-06,Спанчевци,68179,660,
MON12-08,Черкаски,80683,1896,
MON14-04,Говежда,15299,2,
MON14-07,Дълги дел,24534,1896,
MON14-09,Каменна Рикса,35871,1896,
MON14-10,Копиловци,38488,2,
MON14-11,Гаврил Геново,14283,1896,
MON14-13,Меляне,47771,1896,
MON24-03,Замфир,30291,2,
MON24-04,Ковачица,37544,2,
MON24-07,Сталийска махала,68672,2,
MON24-08,Станево,68758,1896,
MON24-09,Трайково,72940,2,
MON24-10,Долно Линево,22695,1896,
MON24-11,Добри дол,21436,1896,
MON24-12,Сливата,67310,1896,
MON26-01,Аспарухово,00792,2,
MON26-03,Расово,62222,2,
MON26-04,Сливовик,67386,2,
MON29-02,Белотинци,03722,2,
MON29-03,Долно Белотинци,03736,2,
MON29-04,Благово,04251,2,
MON29-08,Габровница,14180,2,
MON29-09,Горна Вереница,16153,1896,
MON29-10,Доктор Йосифово,21840,2,
MON29-11,Долна Вереница,22040,1896,
MON29-12,Долна Рикса,22250,1896,
MON29-13,Клисурица,37304,1896,
MON29-15,Липен,43730,1896,
MON29-16,Николово,51665,2,
MON29-17,Славотин,67043,2,
MON29-18,Смоляновци,67667,2,
MON29-19,Стубел,70024,2,
MON29-20,Студено буче,70113,2,
MON29-21,Горно Церовене,17018,35,
MON29-22,Безденица,03201,1896,
MON29-23,Винище,11137,1896,
MON29-24,Вирове,11171,451,
MON29-25,Крапчене,39503,1896,
MON29-26,Сумер,70233,1896,
MON36-02,Горна Ковачица,16239,1896,
MON36-07,Превала,58116,2,
MON36-08,Мартиново,47353,1896,
MON36-09,Железна,29115,459,
MON36-10,Белимел,03469,1896,
MON36-11,Горна Лука,16300,1896,
MON38-01,Долно Церовене,22873,2,
MON38-02,Дългоделци,24551,2,
MON38-03,Комощица,38159,2,
PAZ03-01,Нова махала,51874,2,
PAZ03-02,Фотиново,76162,2,
PAZ04-01,Габровица,14163,2,
PAZ04-02,Голямо Белово,15802,2,
PAZ04-03,Дъбравите,24414,2,
PAZ04-04,Мененкьово,47812,2,
PAZ04-05,Момина клисура,48903,2,
PAZ04-06,Сестримо,66319,2,
PAZ04-07,Аканджиево,00165,2,
PAZ06-01,Бяга,07586,2,
PAZ06-03,Исперихово,32888,2,
PAZ06-04,Козарско,37705,2,
PAZ06-05,Равногор,61220,2,
PAZ06-06,Розово,62973,2,
PAZ08-01,Абланица,00881,2,
PAZ08-02,Биркова,07836,2,
PAZ08-04,Бутрева,07867,1896,
PAZ08-05,Враненци,12989,1896,
PAZ08-06,Грашево,17823,2,
PAZ08-07,Горна Дъбева,18527,1896,
PAZ08-08,Драгиново,23234,2,
PAZ08-09,Кръстава,41136,1896,
PAZ08-11,Пашови,55631,1896,
PAZ08-13,Рохлева,63687,2,
PAZ08-14,Света Петка,65534,1896,
PAZ08-16,Цветино,78272,1896,
PAZ08-17,Чолакова,81863,1896,
PAZ08-18,Юндола,86115,1896,
PAZ08-19,Алендарова,83421,1896,
PAZ08-20,Всемирци,12334,1896,
PAZ08-21,Долна Дъбева,24325,1896,
PAZ08-22,Кандови,36035,1896,
PAZ08-23,Горна Биркова,18513,1896,
PAZ14-01,Боримечково,05459,2,
PAZ14-02,Динката,21172,2,
PAZ14-03,Калугерово,35571,2,
PAZ14-04,Памидово,55275,2,
PAZ14-05,Церово,78478,2,
PAZ14-06,Щърково,84067,1896,
PAZ19-01,Алеко Константиново,00254,2,
PAZ19-02,Априлци,00571,2,
PAZ19-03,Братаница,06149,2,
PAZ19-04,Величково,10505,2,
PAZ19-05,Гелеменово,14619,2,
PAZ19-06,Главиница,15028,2,
PAZ19-07,Говедаре,15271,2,
PAZ19-08,Дебръщица,20362,2,
PAZ19-09,Добровница,21556,2,
PAZ19-10,Драгор,23457,2,
PAZ19-11,Звъничево,30572,2,
PAZ19-12,Ивайло,32010,2,
PAZ19-13,Крали Марко,39428,1896,
PAZ19-14,Ляхово,44879,2,
PAZ19-15,Мало Конаре,46749,2,
PAZ19-16,Мирянци,48444,2,
PAZ19-17,Мокрище,48876,2,
PAZ19-18,Овчеполци,53285,2,
PAZ19-19,Огняново,53335,2,
PAZ19-20,Паталеница,55556,2,
PAZ19-21,Пищигово,56561,2,
PAZ19-22,Росен,63032,2,
PAZ19-23,Сарая,65437,2,
PAZ19-24,Сбор,65468,1896,
PAZ19-25,Синитово,66559,2,
PAZ19-26,Тополи дол,72713,1896,
PAZ19-27,Хаджиево,77061,2,
PAZ19-28,Цар Асен,78056,1896,
PAZ19-29,Црънча,78570,2,
PAZ19-30,Черногорово,81089,2,
PAZ19-31,Юнаците,86074,2,
PAZ20-01,Баня,02717,2,
PAZ20-02,Бъта,07572,2,
PAZ20-03,Левски,22681,2,
PAZ20-04,Елшица,27406,2,
PAZ20-05,Оборище,53103,2,
PAZ20-06,Поибрене,57128,1896,
PAZ20-07,Попинци,57580,2,
PAZ20-08,Панагюрски колонии,59375,2,
PAZ21-01,Капитан Димитриево,36124,2,
PAZ21-02,Радилово,61371,2,
PAZ24-01,Дорково,23008,2,
PAZ24-02,Костандово,38844,2,
PAZ29-02,Бошуля,05949,2,
PAZ29-03,Варвара,10104,2,
PAZ29-04,Ветрен,10820,2,
PAZ29-05,Ветрен дол,10851,2,
PAZ29-06,Виноградец,11154,2,
PAZ29-08,Злокучене,31214,2,
PAZ29-09,Карабунар,36172,2,
PAZ29-10,Ковачево,37491,2,
PAZ29-11,Лозен,44053,2,
PAZ29-12,Семчиново,66202,2,
PAZ29-13,Симеоновец,66439,2,
PAZ29-14,Славовица,67009,2,
PAZ32-01,Блатница,04368,1896,
PAZ32-02,Дюлево,24726,1896,
PAZ32-03,Свобода,65807,1896,
PAZ32-04,Смилец,67516,1896,
PAZ39-02,Медени поляни,47559,1862,
PAZ39-03,Побит камък,59224,1862,
PDV01-02,Боянци,06029,2,
PDV01-07,Златовръх,31108,2,
PDV01-08,Избеглии,32341,2,
PDV01-10,Козаново,37633,2,
PDV01-11,Конуш,38385,2,
PDV01-13,Мулдава,49309,2,
PDV01-14,Нареченски бани,51127,2,
PDV01-15,Новаково,51830,2,
PDV01-17,Патриарх Евтимово,55590,1896,
PDV01-18,Стоево,69273,2,
PDV01-19,Тополово,72789,2,
PDV01-21,Червен,80437,2,
PDV01-22,Леново,43298,159,
PDV01-23,Бачково,02974,1896,
PDV01-24,Нови извор,32398,462,
PDV01-25,Долнослав,22839,1896,
PDV01-26,Жълт камък,29581,1896,
PDV07-02,Борец,05356,2,
PDV07-03,Върбен,12680,1896,
PDV07-05,Зелениково,30750,2,
PDV07-06,Златосел,31160,1896,
PDV07-08,Пъдарско,58983,2,
PDV07-10,Свежен,65526,1896,
PDV07-11,Стрелци,69818,2,
PDV07-12,Сърнегор,70593,1896,
PDV07-15,Чоба,81975,2,
PDV07-16,Тюркмен,73794,1896,
PDV07-17,Розовец,62966,1896,
PDV07-18,Дрангово,23580,463,
PDV07-19,Отец Кирилово,54451,1896,
PDV12-01,Бегово,03085,2,
PDV12-02,Главатар,14996,1896,
PDV12-03,Горна махала,16328,1896,
PDV12-05,Дуванлии,24000,2,
PDV12-06,Дълго поле,24582,2,
PDV12-07,Житница,29475,2,
PDV12-09,Отец Паисиево,54465,1896,
PDV12-10,Песнопой,55926,2,
PDV12-11,Ръжево,63553,1896,
PDV12-12,Ръжево Конаре,63567,2,
PDV12-13,Черноземен,81133,464,
PDV12-14,Долна махала,22191,464,
PDV12-15,Иван Вазово,32038,1896,
PDV12-16,Сухозем,70353,1896,
PDV13-01,Баня,02720,2,
PDV13-02,Бегунци,03109,2,
PDV13-03,Богдан,04563,2,
PDV13-04,Васил Левски,10207,2,
PDV13-05,Ведраре,10291,2,
PDV13-06,Войнягово,12005,2,
PDV13-07,Горни Домлян,16513,2,
PDV13-08,Домлян,22931,2,
PDV13-09,Дъбене,24241,2,
PDV13-10,Иганово,32226,2,
PDV13-11,Калофер,35496,2,
PDV13-12,Каравелово,36186,2,
PDV13-13,Климент,37229,2,
PDV13-14,Клисура,37277,2,
PDV13-16,Кърнаре,40939,2,
PDV13-21,Пролом,58616,2,
PDV13-22,Розино,62949,2,
PDV13-23,Слатина,67235,2,
PDV13-24,Соколица,67903,2,
PDV13-26,Столетово,69420,2,
PDV13-27,Христо Даново,77462,2,
PDV13-29,Певците,55676,465,
PDV13-30,Московец,49117,1896,
PDV13-31,Куртово,40703,1896,
PDV15-01,Белица,03530,1896,
PDV15-02,Дряново,23950,1896,
PDV17-01,Бенковски,03839,2,
PDV17-02,Войводиново,11845,2,
PDV17-03,Войсил,12019,2,
PDV17-04,Граф-Игнатиево,17806,2,
PDV17-05,Динк,21169,2,
PDV17-07,Калековец,35300,2,
PDV17-08,Костиево,38950,2,
PDV17-09,Крислово,39918,2,
PDV17-10,Маноле,47086,2,
PDV17-11,Манолско Конаре,47113,2,
PDV17-12,Радиново,61412,2,
PDV17-13,Рогош,62858,2,
PDV17-14,Скутаре,66915,2,
PDV17-15,Строево,69874,2,
PDV17-16,Трилистник,73122,2,
PDV17-17,Труд,73242,2,
PDV17-18,Царацово,78080,2,
PDV17-19,Ясно поле,87669,2,
PDV17-20,Желязно,29235,468,
PDV23-01,Брягово,06745,2,
PDV23-02,Бяла река,07675,2,
PDV23-03,Виница,11123,2,
PDV23-04,Воден,11627,2,
PDV23-05,Градина,17484,2,
PDV23-07,Драгойново,23385,1896,
PDV23-08,Дълбок извор,24493,2,
PDV23-09,Езерово,27139,2,
PDV23-11,Искра,32826,2,
PDV23-12,Караджалово,36230,2,
PDV23-13,Крушево,40155,2,
PDV23-15,Буково,56335,2,
PDV23-16,Поройна,57806,1896,
PDV23-17,Православен,58089,2,
PDV23-18,Татарево,72093,2,
PDV25-01,Белозем,03620,2,
PDV25-03,Момино село,48948,2,
PDV25-04,Стряма,70010,2,
PDV25-05,Чалъкови,80162,2,
PDV25-06,Шишманци,83380,2,
PDV25-07,Болярино,05270,1896,
PDV26-01,Белащица,03304,2,
PDV26-03,Браниполе,06077,2,
PDV26-04,Брестник,06447,2,
PDV26-05,Брестовица,06505,2,
PDV26-09,Златитрап,31036,2,
PDV26-12,Кадиево,35095,2,
PDV26-14,Крумово,40004,2,
PDV26-18,Марково,47295,2,
PDV26-21,Оризари,53833,1896,
PDV26-23,Първенец,59032,2,
PDV26-28,Устина,75188,2,
PDV26-29,Храбрино,77373,2,
PDV26-30,Цалапица,78029,2,
PDV26-33,Ягодово,87240,2,
PDV28-02,Богданица,04594,2,
PDV28-03,Болярци,05339,2,
PDV28-04,Караджово,36244,2,
PDV28-05,Катуница,36676,2,
PDV28-06,Кочево,39102,2,
PDV28-07,Милево,48152,2,
PDV28-09,Поповица,57621,2,
PDV28-10,Селци,66127,2,
PDV28-11,Чешнегирово,81342,2,
PDV28-12,Ахматово,00847,1896,
PDV28-13,Моминско,48965,470,
PDV33-01,Голям чардак,15970,2,
PDV33-02,Драгомир,23426,2,
PDV33-04,Малък Чардак,46944,2,
PDV33-05,Найден Герово,51069,2,
PDV33-07,Правище,58058,2,
PDV33-08,Царимир,78171,2,
PDV33-09,Любен,44481,1896,
PDV33-10,Неделево,51305,471,
PDV33-11,Церетелево,78392,1896,
PDV37-01,Беловица,03589,2,
PDV37-02,Красново,39579,2,
PDV37-03,Кръстевич,40333,2,
PDV37-04,Мало Крушево,46752,1896,
PDV37-05,Михилци,48564,1896,
PDV37-08,Паничери,55378,2,
PDV37-09,Старо Железаре,68967,2,
PDV37-10,Старосел,69016,2,
PDV37-11,Черничево,81030,472,
PDV37-12,Ново Железаре,52088,1896,
PDV41-01,Йоаким Груево,34028,2,
PDV41-02,Куртово Конаре,40717,2,
PDV41-03,Ново село,52221,2,
PDV41-04,Триводици,73081,2,
PDV42-01,Гълъбово,18277,1896,
PDV42-02,Руен,63238,1896,
PDV43-01,Анево,00480,22,
PER08-04,Бегуновци,03099,1896,
PER08-07,Гигинци,14893,1896,
PER08-15,Ноевци,52324,2,
PER08-16,Долна Секирна,22263,1896,
PER08-17,Кошарево,39150,1896,
PER08-18,Велковци,10548,1896,
PER08-19,Слаковци,67163,1896,
PER19-14,Пещера,56280,1896,
PER22-01,Калище,35434,1896,
PER22-02,Сирищник,66648,1896,
PER22-04,Лобош,43918,1896,
PER22-08,Егълница,27043,1896,
PER32-01,Богдановдол,04618,1896,
PER32-05,Големо Бучино,15504,2,
PER32-06,Дивотино,20986,2,
PER32-07,Драгичево,23251,2,
PER32-09,Кладница,37174,2,
PER32-10,Кралев дол,39387,2,
PER32-11,Лесковец,43428,1896,
PER32-12,Люлин,44656,2,
PER32-13,Мещица,48037,2,
PER32-16,Рударци,63152,2,
PER32-17,Студена,70038,2,
PER32-18,Батановци,72223,2,
PER32-20,Ярджиловци,87480,2,
PER32-21,Селищен дол,66072,1896,
PER32-22,Расник,62219,480,
PER32-23,Черна гора,81952,1896,
PER32-25,Бела вода,55871,1896,
PER32-26,Витановци,11288,1896,
PER32-27,Изток,55871,1896,
PER32-28,Калкас,55871,1896,
PER32-29,Църква,55871,1896,
PER36-04,Владимир,11404,1896,
PER36-05,Горна Диканя,16208,1896,
PER36-07,Дебели лаг,20256,1896,
PER36-08,Долна Диканя,22085,2,
PER36-10,Дрен,23649,2,
PER36-11,Друган,24832,2,
PER36-14,Извор,32384,2,
PER36-23,Прибой,58311,1896,
PER36-24,Старо село,69064,1896,
PER36-25,Стефаново,69239,2,
PER36-26,Гълъбник,18263,1896,
PER36-27,Долни Раковец,22490,483,
PER36-28,Кленовик,41232,1896,
PER36-29,Копаница,38460,1896,
PER36-30,Кондофрей,38265,1896,
PER51-25,Туроковци,73479,1896,
PER51-26,Филиповци,76114,1896,
PVN03-01,Бяла вода,07630,1896,
PVN03-02,Деков,20537,2,
PVN03-03,Кулина вода,40573,1896,
PVN03-04,Петокладенци,56085,2,
PVN03-05,Татари,72117,2,
PVN08-01,Брест,06402,2,
PVN08-02,Гиген,14876,2,
PVN08-03,Искър,14888,1896,
PVN08-04,Долни Вит,22335,2,
PVN08-05,Дъбован,24308,2,
PVN08-06,Загражден,30199,2,
PVN08-08,Ленково,43284,2,
PVN08-09,Милковица,48204,2,
PVN08-10,Сомовит,68045,2,
PVN08-11,Крета,39712,1896,
PVN08-12,Шияково,83394,486,
PVN10-01,Байкал,02227,2,
PVN10-02,Биволаре,03993,2,
PVN10-03,Божурица,05013,2,
PVN10-04,Брегаре,06210,2,
PVN10-05,Горна Митрополия,16345,2,
PVN10-07,Комарево,38145,2,
PVN10-08,Крушовене,40195,2,
PVN10-09,Ореховица,53655,2,
PVN10-10,Победа,56865,2,
PVN10-11,Подем,57025,2,
PVN10-12,Рибен,62596,2,
PVN10-13,Славовица,67012,2,
PVN10-14,Ставерци,68607,2,
PVN10-15,Тръстеник,73359,2,
PVN10-16,Гостиля,17364,1896,
PVN11-01,Бъркач,07524,2,
PVN11-02,Горни Дъбник,16537,2,
PVN11-03,Градина,17470,2,
PVN11-04,Крушовица,40213,2,
PVN11-05,Петърница,56201,2,
PVN11-06,Садовец,65070,2,
PVN16-01,Асеновци,00761,2,
PVN16-02,Аспарухово,00802,2,
PVN16-04,Българене,07274,2,
PVN16-06,Градище,17556,2,
PVN16-07,Изгрев,32531,2,
PVN16-08,Козар Белене,37647,2,
PVN16-09,Малчика,46841,2,
PVN16-10,Обнова,53089,2,
PVN16-11,Стежерово,69153,2,
PVN16-12,Трънчовица,73345,2,
PVN21-02,Бацова махала,02957,2,
PVN21-03,Въбел,12365,2,
PVN21-04,Дебово,20314,2,
PVN21-05,Драгаш войвода,23193,2,
PVN21-10,Муселиево,49415,2,
PVN21-11,Новачене,51932,2,
PVN21-12,Санадиново,65320,2,
PVN21-13,Черковица,80697,2,
PVN21-14,Лозица,44152,1896,
PVN21-15,Любеново,44536,1896,
PVN21-16,Асеново,00744,1896,
PVN23-01,Долни Луковит,22438,2,
PVN23-02,Писарово,56493,2,
PVN23-03,Староселци,69095,2,
PVN24-01,Беглеж,03068,2,
PVN24-02,Бохот,05921,2,
PVN24-03,Брестовец,06495,2,
PVN24-04,Бръшляница,06690,2,
PVN24-05,Буковлък,06999,2,
PVN24-06,Върбица,12752,2,
PVN24-07,Горталово,17258,1896,
PVN24-08,Гривица,17854,2,
PVN24-09,Дисевица,24935,2,
PVN24-10,Коиловци,37856,2,
PVN24-12,Къшин,41037,1896,
PVN24-14,Мечка,47963,2,
PVN24-15,Николаево,51620,2,
PVN24-16,Опанец,53583,2,
PVN24-17,Пелишат,55765,2,
PVN24-18,Радишево,61426,2,
PVN24-19,Ралево,62116,1896,
PVN24-20,Славяново,67088,2,
PVN24-21,Тодорово,72566,1896,
PVN24-22,Тученица,73523,1896,
PVN24-23,Търнене,73674,2,
PVN24-24,Ясен,87597,2,
PVN27-01,Борислав,05493,1896,
PVN27-02,Вълчитрън,12601,2,
PVN27-03,Згалево,30590,2,
PVN27-04,Каменец,35780,2,
PVN27-06,Одърне,53446,2,
PVN27-07,Тотлебен,72881,2,
PVN37-01,Бресте,06433,2,
PVN37-02,Глава,14934,2,
PVN37-03,Горник,16540,2,
PVN37-04,Девенци,20383,2,
PVN37-05,Койнаре,37863,2,
PVN37-06,Лепица,43311,2,
PVN37-07,Радомирци,61580,2,
PVN37-08,Ракита,61950,2,
PVN37-09,Реселец,62503,2,
PVN37-10,Рупци,63361,2,
PVN37-11,Сухаче,70281,2,
PVN37-12,Телиш,72206,2,
PVN37-13,Чомаковци,81551,2,
PVN39-01,Бреница,06375,25,
PVN39-02,Еница,27509,25,
PVN39-03,Лазарово,43044,25,
RAZ11-01,Брестовене,06481,2,
RAZ11-02,Веселец,10714,2,
RAZ11-03,Иван Шишманово,32192,2,
RAZ11-04,Острово,54417,2,
RAZ11-05,Прелез,58147,2,
RAZ11-06,Сушево,70384,2,
RAZ14-01,Белинци,03472,2,
RAZ14-02,Бърдоква,07452,2,
RAZ14-03,Вазово,10015,2,
RAZ14-04,Голям Поровец,15953,2,
RAZ14-05,Делчево,20609,2,
RAZ14-06,Лудогорци,24116,2,
RAZ14-07,Духовец,24150,2,
RAZ14-08,Драгомъж,24921,2,
RAZ14-09,Йонково,34103,2,
RAZ14-10,Китанчево,37010,2,
RAZ14-12,Къпиновци,40899,2,
RAZ14-13,Лъвино,44358,2,
RAZ14-14,Малък Поровец,46913,2,
RAZ14-15,Печеница,56232,2,
RAZ14-16,Подайва,56945,2,
RAZ14-17,Райнино,61875,2,
RAZ14-18,Свещари,65650,2,
RAZ14-19,Средоселци,68552,2,
RAZ14-20,Старо селище,69047,2,
RAZ14-21,Тодорово,72578,2,
RAZ14-22,Яким Груево,87285,2,
RAZ14-23,Малко Йонково,50512,1385,
RAZ16-01,Беловец,03575,2,
RAZ16-02,Бисерци,04131,2,
RAZ16-03,Божурово,05058,2,
RAZ16-04,Горичево,16105,660,
RAZ16-05,Задруга,30212,2,
RAZ16-06,Звънарци,30541,2,
RAZ16-07,Медовене,47617,660,
RAZ16-08,Мъдрево,49518,2,
RAZ16-09,Савин,65022,2,
RAZ16-10,Севар,65886,2,
RAZ16-11,Сеслав,66295,2,
RAZ16-12,Тертер,72337,1896,
RAZ16-14,Точилари,72895,660,
RAZ16-16,Юпер,86091,2,
RAZ16-17,Каменово,35897,34,
RAZ16-18,Равно,61203,34,
RAZ17-02,Веселина,10759,2,
RAZ17-04,Гороцвет,17066,2,
RAZ17-05,Градина,17498,2,
RAZ17-07,Бели Лом,24092,2,
RAZ17-08,Каменар,35715,2,
RAZ17-10,Крояч,39949,1896,
RAZ17-12,Ловско,44937,2,
RAZ17-14,Манастирско,47038,1896,
RAZ17-15,Манастирци,47041,1896,
RAZ17-21,Сейдол,65992,2,
RAZ17-22,Синя вода,66593,2,
RAZ17-23,Студенец,70069,2,
RAZ17-25,Трапище,73002,2,
RAZ17-26,Тръбач,73262,1896,
RAZ17-27,Чудомир,81619,2,
RAZ26-01,Балкански,02467,1896,
RAZ26-02,Благоево,04296,2,
RAZ26-03,Гецово,18589,2,
RAZ26-04,Дряновец,23902,2,
RAZ26-05,Дянково,24829,2,
RAZ26-06,Киченица,37109,2,
RAZ26-07,Липник,43760,2,
RAZ26-08,Мортагоново,49093,2,
RAZ26-09,Недоклан,51353,1896,
RAZ26-10,Осенец,54105,2,
RAZ26-11,Побит камък,56890,1896,
RAZ26-12,Пороище,59416,1896,
RAZ26-13,Радинград,61385,2,
RAZ26-14,Раковски,62089,2,
RAZ26-15,Стражец,70860,2,
RAZ26-16,Ушинци,75246,1896,
RAZ26-18,Ясеновец,87624,2,
RAZ26-19,Топчии,72850,34,
RAZ26-20,Просторно,58668,1896,
RAZ29-01,Богданци,04666,2,
RAZ29-02,Богомилци,04741,2,
RAZ29-03,Владимировци,11449,2,
RAZ29-04,Голяма вода,15669,2,
RAZ29-05,Голям извор,15761,2,
RAZ29-06,Желязковец,29218,2,
RAZ29-07,Здравец,30630,2,
RAZ29-09,Кривица,39815,2,
RAZ29-10,Ножарово,52341,2,
RAZ29-11,Пчелина,58877,2,
RAZ29-12,Хума,77517,2,
RAZ29-13,Хърсово,77579,2,
RAZ36-01,Езерче,27156,2,
RAZ36-02,Костанденец,38830,2,
RSE03-01,Батин,02854,2,
RSE03-03,Волово,12067,1896,
RSE03-04,Горно Абланово,16674,2,
RSE03-05,Екзарх Йосиф,27173,2,
RSE03-06,Обретеник,53117,2,
RSE03-07,Брестовица,06519,1896,
RSE04-03,Босилковци,05743,2,
RSE04-05,Дряновец,23916,2,
RSE04-06,Копривец,38529,2,
RSE04-09,Полско Косово,57368,2,
RSE04-10,Бистренци,04162,1896,
RSE04-11,Ботров,05877,1896,
RSE04-12,Лом Черковна,05133,527,
RSE04-13,Пейчиново,55720,1896,
RSE04-14,Стърмен,70130,1896,
RSE05-02,Глоджево,15151,2,
RSE05-04,Кривня,39832,2,
RSE05-05,Писанец,56441,1896,
RSE05-08,Сеново,66229,2,
RSE05-09,Смирненски,67578,2,
RSE08-01,Баниска,02587,2,
RSE08-02,Батишница,02868,2,
RSE08-03,Бъзовец,07212,2,
RSE08-05,Каран Върбовка,36364,2,
RSE08-06,Кацелово,36703,2,
RSE08-08,Помен,57488,2,
RSE08-09,Чилнов,81373,2,
RSE08-10,Могилино,30380,1896,
RSE08-11,Острица,54362,1896,
RSE13-02,Кошов,39205,1896,
RSE13-03,Красен,39520,2,
RSE13-04,Мечка,47977,2,
RSE13-06,Пиргово,56397,2,
RSE13-08,Тръстеник,73362,2,
RSE13-10,Щръклево,84049,2,
RSE13-11,Червен,80443,1896,
RSE13-12,Сваленик,65509,29,
RSE27-01,Басарбово,02796,2,
RSE27-02,Долно Абланово,22558,1896,
RSE27-03,Мартен,47336,2,
RSE27-04,Николово,51679,2,
RSE27-05,Ново село,52235,2,
RSE27-06,Просена,58637,2,
RSE27-07,Семерджиево,66158,2,
RSE27-08,Хотанца,77342,2,
RSE27-09,Червена вода,80460,2,
RSE27-11,Сандрово,65348,2,
RSE27-12,Тетово,72357,43,
RSE27-13,Ястребово,87700,398,
RSE27-14,Бъзън,07231,1500,
RSE33-01,Бабово,02083,2,
RSE33-02,Борисово,05517,2,
RSE33-03,Бръшлен,06673,2,
RSE33-04,Голямо Враново,15829,2,
RSE33-05,Кошарна,39178,2,
RSE33-06,Малко Враново,46560,2,
RSE33-07,Ряхово,63668,2,
RSE33-09,Стамболово,68713,2,
RSE33-10,Юделник,86026,2,
RSE37-01,Белцов,03745,2,
RSE37-02,Беляново,03808,1896,
RSE37-04,Долна Студена,22277,2,
RSE37-05,Караманово,36316,2,
RSE37-06,Кривина,39788,2,
RSE37-07,Новград,51977,2,
RSE37-08,Пиперково,56366,2,
RSE37-09,Джулюница,20849,1896,
SFO06-01,Гурмазово,18174,1896,
SFO06-03,Пожарево,57100,1896,
SFO06-04,Пролеша,58606,2,
SFO06-06,Хераково,77246,2,
SFO06-07,Храбърско,77400,2,
SFO07-02,Врачеш,12283,2,
SFO07-03,Гурково,18143,1896,
SFO07-07,Литаково,43904,2,
SFO07-08,Новачене,51946,2,
SFO07-09,Радотина,61594,1896,
SFO07-11,Скравена,66860,2,
SFO07-12,Трудовец,73256,2,
SFO09-02,Гинци,14903,1896,
SFO09-08,Шума,83466,1896,
SFO10-01,Априлово,00549,2,
SFO10-02,Байлово,02258,1896,
SFO10-03,Белопопци,03705,2,
SFO10-04,Гайтанево,14338,1896,
SFO10-05,Горно Камарци,16794,1896,
SFO10-06,Долна Малина,22174,1896,
SFO10-07,Долно Камарци,22647,2,
SFO10-08,Макоцево,46231,1896,
SFO10-09,Негушево,51281,1896,
SFO10-10,Осоица,54287,1896,
SFO10-11,Саранци,65419,1896,
SFO10-12,Стъргел,70127,1896,
SFO10-13,Чеканчево,80282,1896,
SFO16-04,Габер,14034,2,
SFO16-05,Големо Малово,15518,1896,
SFO16-08,Калотина,35479,1896,
SFO16-15,Цацаровци,78255,1896,
SFO17-02,Габра,14074,2,
SFO17-03,Голема Раковица,15432,1896,
SFO17-04,Григорево,17885,2,
SFO17-05,Елин Пелин,18490,2,
SFO17-06,Доганово,21779,2,
SFO17-07,Елешница,34120,1896,
SFO17-09,Лесново,43445,2,
SFO17-10,Мусачево,49388,2,
SFO17-11,Нови хан,52012,2,
SFO17-12,Огняново,53343,1896,
SFO17-13,Петково,56006,2,
SFO17-15,Равно поле,61248,2,
SFO17-16,Столник,69448,2,
SFO17-17,Чурек,81760,1896,
SFO18-02,Брусен,06608,1896,
SFO18-03,Лопян,44313,2,
SFO18-04,Лъга,44389,1896,
SFO18-05,Малки Искър,49641,2,
SFO18-07,Рибарица,62582,1896,
SFO18-08,Ямна,87391,1896,
SFO20-01,Стамболово,04830,2,
SFO20-06,Вакарел,10029,2,
SFO20-08,Веринско,10690,1896,
SFO20-09,Живково,29338,2,
SFO20-11,Мирово,48369,1896,
SFO20-14,Полянци,57443,1896,
SFO20-16,Черньово,81253,1896,
SFO25-01,Горна Василица,18561,1896,
SFO25-02,Костенец,38916,2,
SFO25-04,Пчелин,58863,1896,
SFO25-05,Момин проход,50245,1383,
SFO26-01,Безден,03191,1896,
SFO26-03,Бучин проход,07171,1896,
SFO26-04,Голяновци,15984,2,
SFO26-05,Градец,17449,1896,
SFO26-06,Драговищица,23296,2,
SFO26-08,Опицвет,53607,1896,
SFO26-09,Петърч,56215,2,
SFO26-10,Чибаовци,81356,1896,
SFO34-01,Видраре,11020,2,
SFO34-02,Джурово,20897,2,
SFO34-03,Калугерово,35585,1896,
SFO34-04,Манаселска река,46961,1896,
SFO34-05,Осиковица,54170,2,
SFO34-06,Осиковска Лакавица,54211,1896,
SFO34-08,Равнище,61189,1896,
SFO34-09,Разлив,61807,2,
SFO39-01,Алино,00391,1896,
SFO39-02,Бели Искър,03441,2,
SFO39-03,Белчин,03767,2,
SFO39-04,Говедарци,15285,2,
SFO39-05,Горни Окол,16599,1896,
SFO39-06,Гуцал,18201,1896,
SFO39-09,Доспей,23039,2,
SFO39-10,Драгушиново,23491,2,
SFO39-11,Злокучене,31228,1896,
SFO39-12,Клисура,37294,1896,
SFO39-13,Ковачевци,37527,2,
SFO39-14,Маджаре,46067,1896,
SFO39-15,Мала църква,46276,2,
SFO39-16,Марица,47264,2,
SFO39-18,Поповяне,57697,1896,
SFO39-19,Продановци,58548,2,
SFO39-20,Радуил,61604,2,
SFO39-21,Райово,61922,2,
SFO39-22,Рельово,62486,1896,
SFO39-23,Шипочане,83243,1896,
SFO39-24,Широки дол,83291,2,
SFO39-25,Ярлово,87552,1896,
SFO43-03,Брезе,06272,1896,
SFO43-06,Владо Тричков,11510,2,
SFO43-07,Габровница,14194,1896,
SFO43-08,Бов,14461,2,
SFO43-09,Лакатник,14475,2,
SFO43-12,Дружево,23798,1896,
SFO43-14,Желен,29163,1896,
SFO43-17,Заселе,30350,1896,
SFO43-18,Зимевица,30847,1896,
SFO43-19,Искрец,32843,2,
SFO43-20,Лакатник,43092,1896,
SFO43-22,Луково,44330,1896,
SFO43-23,Миланово,48129,2,
SFO43-26,Осеновлаг,54122,1896,
SFO43-27,Реброво,62387,2,
SFO43-29,Свидня,65663,2,
SFO43-30,Томпсън,72655,2,
SFO43-32,Церово,78481,2,
SFO45-01,Алдомировци,00223,2,
SFO47-01,Карлиево,36484,1896,
SFO47-02,Петрич,56137,1896,
SFO47-03,Църквище,78669,1896,
SFO55-01,Душанци,24164,2,
SFO56-02,Буново,07051,1896,
SFO56-04,Смолско,67636,1896,
SHU07-01,Борци,05685,2,
SHU07-02,Боян,05966,2,
SHU07-03,Буйновица,06865,2,
SHU07-04,Габрица,14132,2,
SHU07-05,Денница,20643,1896,
SHU07-06,Дренци,23724,660,
SHU07-07,Изгрев,32562,2,
SHU07-08,Капитан Петко,36155,2,
SHU07-09,Осеновец,54119,2,
SHU07-10,Страхилица,69729,1896,
SHU07-12,Черноглавци,81061,2,
SHU07-13,Ясенково,87610,2,
SHU10-01,Божурово,05075,2,
SHU10-02,Бяла река,07692,2,
SHU10-03,Иваново,32113,2,
SHU10-06,Кьолмен,41054,1896,
SHU10-07,Ловец,43949,2,
SHU10-08,Маломир,46773,2,
SHU10-09,Менгишево,47785,2,
SHU10-10,Методиево,47915,2,
SHU10-11,Нова Бяла река,51785,2,
SHU10-12,Станянци,68847,2,
SHU10-14,Тушовица,73537,2,
SHU10-15,Чернооково,81222,2,
SHU10-16,Крайгорци,39298,1896,
SHU10-17,Конево,38306,400,
SHU10-18,Сушина,70398,400,
SHU11-01,Байково,02244,660,
SHU11-02,Близнаци,04430,660,
SHU11-04,Висока поляна,11257,660,
SHU11-05,Върбак,12663,660,
SHU11-06,Длъжко,21289,660,
SHU11-07,Добри Войниково,21405,660,
SHU11-08,Единаковци,27067,660,
SHU11-09,Живково,29341,2,
SHU11-10,Звегор,30421,660,
SHU11-11,Иглика,32250,660,
SHU11-12,Калино,35417,1896,
SHU11-13,Каменяк,35969,2,
SHU11-14,Развигорово,61697,660,
SHU11-15,Сливак,67283,660,
SHU11-16,Студеница,70099,2,
SHU11-17,Тервел,72285,660,
SHU11-18,Тимарево,72401,2,
SHU11-19,Трем,73050,660,
SHU11-20,Черна,80772,660,
SHU18-01,Браничево,06094,2,
SHU18-02,Гусла,18188,2,
SHU18-03,Дойранци,21811,2,
SHU18-04,Долина,21960,2,
SHU18-05,Загориче,30137,2,
SHU18-06,Климент,37232,2,
SHU18-07,Лятно,44865,2,
SHU18-08,Наум,51158,2,
SHU18-09,Пристое,58485,2,
SHU18-10,Сини вир,66531,2,
SHU18-11,Средковец,68388,2,
SHU18-12,Тодор Икономово,72549,2,
SHU18-13,Тъкач,73554,2,
SHU19-01,Върбяне,12838,660,
SHU19-02,Златна нива,31084,2,
SHU19-03,Каспичан,36590,2,
SHU19-04,Косово,38804,1896,
SHU19-05,Кюлевча,41109,1896,
SHU19-07,Марково,47319,2,
SHU19-08,Могила,48773,2,
SHU19-09,Плиска,56770,2,
SHU21-02,Вълнари,12509,2,
SHU21-04,Красен дол,39548,1896,
SHU21-05,Крива река,39760,2,
SHU21-06,Пет могили,56071,2,
SHU21-09,Цани Гинчево,78032,2,
SHU21-10,Църквица,78656,2,
SHU21-11,Каравелово,36194,401,
SHU21-12,Ружица,63269,401,
SHU21-13,Хърсово,77582,401,
SHU22-02,Войвода,11819,2,
SHU22-03,Енево,27471,660,
SHU22-04,Жилино,29391,1896,
SHU22-05,Зайчино ореше,30274,1896,
SHU22-06,Избул,32353,2,
SHU22-07,Мировци,48386,2,
SHU22-08,Памукчии,55292,2,
SHU22-10,Правенци,58027,660,
SHU22-11,Преселка,58205,1896,
SHU22-12,Сечище,66353,1896,
SHU22-13,Стан,68744,660,
SHU22-14,Стоян Михайловски,69506,2,
SHU23-01,Драгоево,23340,2,
SHU23-02,Златар,30942,2,
SHU23-03,Имренчево,32723,660,
SHU23-04,Кочово,39133,2,
SHU23-05,Миланово,48132,2,
SHU23-06,Мокреш,48862,660,
SHU23-07,Мостич,49148,660,
SHU23-08,Осмар,54273,1896,
SHU23-09,Суха река,70278,1896,
SHU23-10,Троица,73170,2,
SHU23-11,Хан Крум,78210,1896,
SHU25-03,Веселиново,10762,2,
SHU25-06,Ново Янково,52310,1896,
SHU25-07,Риш,62732,2,
SHU25-08,Черни връх,80950,1896,
SHU25-09,Янково,87429,2,
SHU25-10,Бял бряг,07729,1896,
SHU30-01,Белокопитово,03633,1896,
SHU30-02,Васил Друмев,10176,1896,
SHU30-03,Ветрище,10882,1896,
SHU30-04,Вехтово,10923,2,
SHU30-05,Градище,17573,2,
SHU30-06,Дибич,20938,2,
SHU30-07,Друмево,23813,2,
SHU30-08,Ивански,32158,2,
SHU30-09,Илия Блъсково,32706,1896,
SHU30-10,Кладенец,37135,1896,
SHU30-11,Коньовец,41188,2,
SHU30-12,Лозево,44032,1896,
SHU30-13,Мараш,47161,2,
SHU30-14,Новосел,52132,2,
SHU30-17,Радко Димитриево,61443,1896,
SHU30-18,Салманово,65187,2,
SHU30-19,Средня,68504,660,
SHU30-20,Струино,69924,660,
SHU30-21,Царев брод,78104,2,
SHU30-22,Мадара,46053,160,
SHU30-23,Велино,10464,1896,
SHU30-24,Черенча,80546,660,
SHU30-25,Благово,04265,1896,
SHU30-26,Панайот Волово,55316,1896,
SLS01-01,Алеково,00240,1896,
SLS01-02,Бистра,04145,403,
SLS01-06,Чуковец,81712,403,
SLS07-01,Бащино,03017,1896,
SLS07-02,Богданци,04670,404,
SLS07-04,Дичево,21230,2,
SLS07-06,Зафирово,30377,404,
SLS07-07,Звенимир,30507,404,
SLS07-08,Зебил,30689,2,
SLS07-10,Калугерене,35554,2,
SLS07-11,Коларово,37993,2,
SLS07-13,Листец,43894,404,
SLS07-15,Ножарево,52338,404,
SLS07-16,Осен,54078,1896,
SLS07-18,Подлес,57056,1896,
SLS07-19,Сокол,67828,2,
SLS07-20,Стефан Караджа,69184,2,
SLS07-21,Суходол,70336,1459,
SLS07-22,Черногор,81075,2,
SLS07-23,Малък Преславец,46927,1896,
SLS07-24,Долно Ряхово,22798,404,
SLS07-25,Зарица,31406,404,
SLS07-26,Вълкан,12440,404,
SLS07-27,Падина,55138,404,
SLS07-28,Косара,38707,1896,
SLS10-01,Боил,05124,2,
SLS10-02,Водно,11764,2,
SLS10-03,Вокил,12022,2,
SLS10-05,Грънчарово,18018,2,
SLS10-06,Долец,21926,2,
SLS10-07,Златоклас,31125,2,
SLS10-08,Козяк,37839,2,
SLS10-09,Колобър,38073,2,
SLS10-10,Межден,47696,2,
SLS10-11,Овен,53148,2,
SLS10-12,Окорш,53494,2,
SLS10-13,Орешене,53744,2,
SLS10-14,Паисиево,55186,2,
SLS10-15,Полковник Таслаково,57296,2,
SLS10-16,Поройно,57813,2,
SLS10-17,Правда,57995,2,
SLS10-18,Прохлада,58709,1897,
SLS10-19,Раздел,61724,2,
SLS10-20,Руйно,63286,2,
SLS10-21,Секулово,66038,2,
SLS10-22,Скала,66696,1896,
SLS10-23,Черковна,80738,2,
SLS10-24,Чернолик,81150,2,
SLS10-25,Черник,81966,2,
SLS10-26,Яребица,87504,2,
SLS15-01,Войново,11990,1878,
SLS15-02,Голеш,15566,1878,
SLS15-03,Давидово,20047,1878,
SLS15-04,Добруджанка,21720,1878,
SLS15-05,Зарник,30346,660,
SLS15-07,Полковник Чолаково,57306,1878,
SLS15-09,Светослав,65615,1878,
SLS15-10,Средище,68357,1462,
SLS15-11,Посев,57889,405,
SLS31-01,Айдемир,00895,2,
SLS31-02,Бабук,02097,2,
SLS31-04,Брадвари,06032,2,
SLS31-06,Ветрен,10834,1896,
SLS31-08,Йорданово,34134,2,
SLS31-10,Калипетрово,41143,2,
SLS31-13,Професор Иширково,58699,2,
SLS31-14,Смилец,67526,1349,
SLS31-15,Срацимир,68254,1896,
SLS31-16,Сребърна,68299,2,
SLS32-01,Босна,05757,1367,
SLS32-02,Гарван,14547,2,
SLS32-03,Добротица,21693,1367,
SLS32-05,Искра,32839,562,
SLS32-06,Любен,44495,562,
SLS32-08,Поляна,57385,1896,
SLS32-09,Попина,57577,2,
SLS32-10,Слатина,67249,1896,
SLS34-02,Белица,03527,2,
SLS34-03,Бреница,06389,1896,
SLS34-04,Варненци,10149,1896,
SLS34-05,Нова Черна,51956,2,
SLS34-07,Преславци,58253,2,
SLS34-08,Старо село,69078,2,
SLS34-10,Търновци,73729,2,
SLS34-12,Цар Самуил,78238,2,
SLS34-13,Шуменци,83524,2,
SLV11-01,Мокрен,00045,2,
SLV11-02,Боринци,05480,1896,
SLV11-04,Градец,17436,2,
SLV11-06,Жеравна,29283,2,
SLV11-08,Кипилово,36854,1354,
SLV11-09,Малко село,46646,2,
SLV11-10,Медвен,47528,1896,
SLV11-11,Нейково,51398,1896,
SLV11-14,Пъдарево,58966,2,
SLV11-16,Соколарци,67859,2,
SLV11-17,Стрелци,69821,1354,
SLV11-18,Тича,72480,2,
SLV11-19,Топузево,72833,1896,
SLV11-20,Филаретово,76073,2,
SLV11-21,Ябланово,87031,2,
SLV11-22,Остра могила,54300,406,
SLV11-23,Орлово,53919,1896,
SLV16-01,Асеновец,00713,2,
SLV16-02,Баня,02734,2,
SLV16-06,Дядово,24760,2,
SLV16-07,Езеро,27111,2,
SLV16-08,Еленово,27245,2,
SLV16-09,Загорци,30171,2,
SLV16-10,Каменово,35907,2,
SLV16-11,Караново,36395,2,
SLV16-12,Коньово,38426,2,
SLV16-13,Кортен,38683,2,
SLV16-14,Любенец,44505,2,
SLV16-15,Любенова махала,44522,2,
SLV16-16,Млекарево,48725,2,
SLV16-17,Научене,51161,1896,
SLV16-18,Новоселец,52146,2,
SLV16-19,Омарчево,53518,1858,
SLV16-20,Пет могили,56068,2,
SLV16-21,Питово,56527,2,
SLV16-23,Прохорово,58726,1896,
SLV16-24,Радево,61310,1896,
SLV16-25,Радецки,61340,2,
SLV16-26,Сокол,67831,1896,
SLV16-27,Стоил войвода,69314,2,
SLV16-29,Съдиево,70487,2,
SLV16-30,Брястово,06788,1896,
SLV16-31,Бял кладенец,07778,1896,
SLV16-32,Събрано,70456,1896,
SLV16-33,Богданово,04635,407,
SLV16-34,Съдийско поле,70490,407,
SLV16-35,Полско Пъдарево,57371,407,
SLV16-36,Ценино,78344,1896,
SLV20-01,Биково,04039,1896,
SLV20-02,Бинкос,04114,1896,
SLV20-03,Блатец,04337,2,
SLV20-04,Божевци,04947,1896,
SLV20-06,Бяла,07613,2,
SLV20-07,Въглен,12414,1896,
SLV20-08,Гавраилово,14275,2,
SLV20-09,Гергевец,14800,2,
SLV20-10,Глуфишево,15206,2,
SLV20-11,Глушник,15237,660,
SLV20-12,Голямо Чочовени,15936,1896,
SLV20-13,Горно Александрово,16688,2,
SLV20-14,Градско,17600,2,
SLV20-15,Драгоданово,23337,2,
SLV20-16,Желю войвода,29194,2,
SLV20-18,Злати войвода,30990,2,
SLV20-19,Изгрев,32545,1896,
SLV20-20,Ичера,32915,1896,
SLV20-21,Калояново,35537,2,
SLV20-22,Камен,35660,2,
SLV20-23,Кермен,36779,2,
SLV20-24,Ковачите,37530,2,
SLV20-25,Крушаре,40083,2,
SLV20-26,Малко Чочовени,46694,1896,
SLV20-27,Мечкарево,47980,2,
SLV20-28,Младово,48708,2,
SLV20-29,Николаево,51634,1896,
SLV20-30,Новачево,51929,2,
SLV20-31,Панаретовци,55333,1896,
SLV20-33,Самуилово,65303,2,
SLV20-34,Селиминово,66041,2,
SLV20-35,Скобелево,66812,2,
SLV20-36,Сотиря,68117,2,
SLV20-37,Средорек,68549,1896,
SLV20-38,Стара река,68864,2,
SLV20-39,Старо село,69081,1896,
SLV20-40,Струпец,69986,1896,
SLV20-41,Тополчане,72816,2,
SLV20-42,Трапоклово,73016,660,
SLV20-43,Чинтулово,81387,2,
SLV20-44,Чокоба,81534,2,
SLV24-02,Боров дол,05551,2,
SLV24-03,Бяла Паланка,07644,2,
SLV24-04,Шивачево,15944,2,
SLV24-05,Жълт бряг,29533,660,
SLV24-06,Оризари,53847,2,
SLV24-07,Сборище,65499,2,
SLV24-08,Червенаково,80474,1896,
SML02-01,Гълъбово,00850,2,
SML02-04,Вълчан дол,12526,1896,
SML02-06,Давидково,20033,2,
SML02-08,Загражден,30209,2,
SML02-11,Оряховец,54002,2,
SML02-12,Стърница,70158,2,
SML02-13,Вишнево,11377,408,
SML02-14,Дрянка,23875,1896,
SML02-15,Малка Арда,46406,1896,
SML05-03,Чала,80159,1896,
SML05-05,Ягодина,87223,2,
SML05-06,Буйново,06879,409,
SML09-01,Беден,03112,2,
SML09-02,Брезе,06269,2,
SML09-03,Грохотно,17957,2,
SML09-04,Гьоврен,18424,2,
SML09-05,Жребево,29502,1896,
SML09-07,Лясково,44848,2,
SML09-08,Михалково,48547,1896,
SML09-10,Осиково,54198,660,
SML09-11,Селча,66130,2,
SML09-12,Стоманево,69465,1896,
SML09-13,Триград,73105,2,
SML10-01,Барутин,02779,2,
SML10-02,Бръщен,06700,2,
SML10-03,Змеица,31259,2,
SML10-04,Късак,41006,2,
SML10-05,Любча,44642,2,
SML10-06,Црънча,78567,2,
SML10-07,Чавдар,80025,660,
SML11-01,Аламовци,00196,1364,
SML11-02,Долен,21871,2,
SML11-03,Ерма река,27588,2,
SML11-05,Старцево,69105,2,
SML11-06,Страшимир,69759,1896,
SML16-05,Вехтино,10910,1896,
SML16-07,Върбина,12718,616,
SML16-09,Купен,40662,1896,
SML16-13,Митовска,48461,1896,
SML16-15,Равнил,61162,1896,
SML16-17,Средногорци,68451,2,
SML16-18,Букова поляна,06937,424,
SML16-19,Бориново,05476,1896,
SML16-20,Боровина,05579,410,
SML16-21,Буково,07017,1896,
SML16-22,Галище,14413,1896,
SML16-23,Леска,43387,410,
SML16-24,Лещак,43582,1896,
SML16-25,Ловци,43983,1896,
SML16-26,Мъглища,49504,1896,
SML16-27,Равнища,61176,1896,
SML16-28,Студена,70041,1896,
SML16-29,Шаренска,83048,1896,
SML16-30,Тънкото,73599,1896,
SML16-31,Цирка,78505,1896,
SML18-01,Бурево,07911,1896,
SML18-02,Върли дол,12896,1896,
SML18-03,Върлино,12927,1896,
SML18-04,Гърнати,18374,1896,
SML18-05,Диманово,21004,1896,
SML18-06,Изгрев,32559,1896,
SML18-07,Козарка,37695,1896,
SML18-08,Кочани,39092,1896,
SML18-09,Кундево,40628,1896,
SML18-10,Еленка,41157,1896,
SML18-12,Оградна,53388,1896,
SML18-13,Средец,68309,2,
SML18-14,Тънка бара,73883,1896,
SML27-01,Борие,05365,1896,
SML27-02,Витина,11301,1896,
SML27-03,Войкова лъка,11870,1896,
SML27-04,Грамаде,17676,1896,
SML27-05,Елховец,27365,2,
SML27-06,Пловдивци,56798,1896,
SML27-08,Рибница,62637,559,
SML27-09,Чепинци,80399,2,
SML27-10,Сопотот,68093,559,
SML27-11,Равнината,61193,1896,
SML27-12,Бяла река,07689,1896,
SML27-13,Коритата,38604,1896,
SML27-14,Бърчево,07569,1896,
SML27-15,Оглед,53309,1896,
SML31-01,Арда,00597,2,
SML31-06,Бостина,05801,1896,
SML31-08,Виево,11048,2,
SML31-11,Градът,17631,1896,
SML31-12,Катраница,36631,1896,
SML31-15,Кутела,40748,2,
SML31-16,Левочево,43219,1896,
SML31-17,Лъка,44433,1896,
SML31-18,Могилица,48814,2,
SML31-19,Момчиловци,49014,2,
SML31-20,Мугла,49285,1896,
SML31-22,Петково,55991,660,
SML31-23,Подвис,56962,1896,
SML31-24,Полковник Серафимово,57282,1896,
SML31-26,Река,62462,1896,
SML31-28,Сивино,66384,1896,
SML31-29,Славейно,66957,1896,
SML31-30,Смилян,67547,2,
SML31-31,Соколовци,67965,1896,
SML31-33,Стойките,69345,1896,
SML31-34,Стража,69585,1896,
SML31-35,Тикале,72391,1896,
SML31-36,Требище,73033,1896,
SML31-38,Търън,73777,1896,
SML31-41,Широка лъка,83274,2,
SML31-42,Влахово,11572,660,
SML31-43,Дунево,24089,1896,
SML31-44,Еленска,27262,1896,
SML31-45,Ровина,62760,1896,
SML38-01,Богутево,04801,1896,
SML38-02,Забърдо,30034,2,
SML38-04,Малево,46286,1896,
SML38-05,Орехово,53669,1896,
SML38-07,Павелско,55035,2,
SML38-09,Хвойна,77219,2,
SOF46-31,Бусманци,07106,2,
SOF46-32,Владая,11394,2,
SOF46-33,Мърчаево,49597,2,
SOF46-34,Мало Бучино,46721,2,
SOF46-35,Волуяк,12084,2,
SOF46-36,Балша,02511,2,
SOF46-37,Войнеговци,11884,2,
SOF46-38,Доброславци,21662,2,
SOF46-39,Житен,29430,2,
SOF46-40,Кубратово,40436,2,
SOF46-41,Кътина,41010,2,
SOF46-42,Локорско,44224,2,
SOF46-43,Мировяне,48393,2,
SOF46-44,Мрамор,49206,2,
SOF46-45,Негован,51250,2,
SOF46-46,Подгумер,57011,2,
SOF46-47,Световрачене,65601,2,
SOF46-48,Чепинци,80409,2,
SOF46-49,Бухово,07140,2,
SOF46-50,Горни Богров,16448,2,
SOF46-51,Долни Богров,22304,2,
SOF46-52,Желява,29204,2,
SOF46-53,Яна,87401,2,
SOF46-54,Бистрица,04234,2,
SOF46-55,Герман,14831,2,
SOF46-56,Долни Пасарел,22472,2,
SOF46-57,Железница,29150,2,
SOF46-58,Казичене,35239,2,
SOF46-59,Кокаляне,37914,2,
SOF46-60,Кривина,39791,2,
SOF46-61,Лозен,44063,2,
SOF46-63,Иваняне,32216,2,
SZR04-01,Верен,10673,1896,
SZR04-03,Горно Белево,16691,1896,
SZR04-04,Горно ново село,16852,1896,
SZR04-05,Гранит,17717,2,
SZR04-10,Медово,47665,1896,
SZR04-11,Мирово,48372,2,
SZR04-12,Найденово,51072,1896,
SZR04-13,Опълченец,53624,1896,
SZR04-14,Оризово,53850,2,
SZR04-15,Партизанин,55484,2,
SZR04-16,Плодовитово,56811,2,
SZR04-17,Православ,58075,1896,
SZR04-21,Черна гора,80793,2,
SZR07-01,Априлово,00552,1896,
SZR07-03,Главан,14951,2,
SZR07-04,Искрица,32857,1896,
SZR07-05,Медникарово,47603,2,
SZR07-06,Мусачево,49391,1896,
SZR07-07,Мъдрец,49535,2,
SZR07-08,Обручище,53134,2,
SZR07-09,Помощник,57515,1896,
SZR12-01,Бузовград,06848,2,
SZR12-02,Голямо Дряново,15864,1896,
SZR12-03,Горно Изворово,16780,1896,
SZR12-04,Долно изворово,22633,2,
SZR12-05,Дунавци,24075,2,
SZR12-06,Енина,27499,2,
SZR12-07,Копринка,38563,2,
SZR12-08,Крън,40292,2,
SZR12-09,Кънчево,40868,2,
SZR12-10,Горно Черковище,49076,2,
SZR12-11,Овощник,53179,2,
SZR12-12,Розово,62983,2,
SZR12-13,Ръжена,63570,2,
SZR12-14,Средногорово,68446,1896,
SZR12-15,Хаджидимитрово,77027,2,
SZR12-16,Черганово,80532,2,
SZR12-17,Шейново,83106,2,
SZR12-18,Шипка,83199,2,
SZR12-19,Ясеново,87641,2,
SZR22-02,Ветрен,10848,2,
SZR22-06,Дъбово,24342,2,
SZR22-08,Зимница,30870,2,
SZR22-16,Тулово,73420,2,
SZR22-18,Юлиево,86043,2,
SZR22-19,Ягода,87212,2,
SZR22-20,Шаново,83020,1896,
SZR23-02,Бял извор,07750,1896,
SZR23-03,Бяло поле,07819,1896,
SZR23-04,Васил Левски,10224,1896,
SZR23-07,Пъстрен,59166,1896,
SZR23-08,Княжевско,61791,1896,
SZR23-09,Средец,68312,1896,
SZR23-11,Тракия,72970,1896,
SZR23-12,Ястребово,87713,1896,
SZR24-01,Александрово,00309,2,
SZR24-02,Асен,00697,2,
SZR24-04,Габарево,14026,2,
SZR24-05,Горно Сахране,16924,2,
SZR24-06,Долно Сахране,22808,2,
SZR24-07,Манолово,47101,2,
SZR24-08,Осетеново,54153,2,
SZR24-09,Скобелево,66826,2,
SZR24-10,Турия,73451,1896,
SZR24-11,Тъжа,73540,2,
SZR24-12,Търничени,73688,2,
SZR27-04,Боздуганово,17960,2,
SZR27-05,Даскал-Атанасово,20153,1896,
SZR27-06,Диня,21209,1896,
SZR27-08,Знаменосец,31293,2,
SZR27-10,Ковачево,37507,2,
SZR27-11,Коларово,38008,2,
SZR27-13,Любеново,44540,2,
SZR27-14,Маца,47500,1896,
SZR27-15,Полски Градец,57323,2,
SZR27-17,Свободен,65838,1896,
SZR27-18,Сърнево,70586,2,
SZR27-19,Тихомирово,72477,1896,
SZR27-21,Трояново,73225,2,
SZR27-22,Трънково,73314,2,
SZR27-23,Тополяне,72824,1896,
SZR31-01,Арнаутито,00655,1896,
SZR31-03,Богомилово,04738,2,
SZR31-04,Борилово,05431,1896,
SZR31-06,Братя Кунчеви,06197,2,
SZR31-07,Бъдеще,07199,1896,
SZR31-09,Горно Ботево,16701,2,
SZR31-10,Дълбоки,24482,2,
SZR31-11,Еленино,27214,2,
SZR31-13,Загоре,30119,2,
SZR31-14,Змейово,31276,2,
SZR31-16,Калитиново,35420,2,
SZR31-17,Калояновец,35515,2,
SZR31-18,Кирилово,36899,2,
SZR31-19,Козаревец,37678,1896,
SZR31-20,Колена,38039,1896,
SZR31-21,Ловец,43921,1896,
SZR31-24,Маджерито,46098,660,
SZR31-25,Малка Верея,46417,1896,
SZR31-26,Малко Кадиево,46591,1896,
SZR31-27,Михайлово,48502,1896,
SZR31-28,Могила,48765,2,
SZR31-30,Оряховица,54016,2,
SZR31-32,Памукчии,55289,1896,
SZR31-33,Петрово,56188,1896,
SZR31-34,Плоска могила,56825,1896,
SZR31-35,Подслон,57073,1896,
SZR31-36,Преславен,58236,2,
SZR31-38,Пшеничево,58952,1896,
SZR31-39,Ракитница,61995,2,
SZR31-42,Самуилово,65317,1896,
SZR31-44,Хан Аспарухово,68730,2,
SZR31-45,Старозагорски бани,68970,1896,
SZR31-46,Стрелец,69794,1896,
SZR31-47,Сулица,70202,1896,
SZR31-48,Християново,77431,1896,
SZR31-49,Хрищени,77476,2,
SZR31-50,Яворово,87182,1896,
SZR36-01,Винарово,11082,1896,
SZR36-02,Гита,14920,2,
SZR36-05,Зетьово,30819,2,
SZR36-08,Малко Тръново,46658,1896,
SZR36-10,Рупките,63344,1896,
SZR36-11,Свобода,65810,2,
SZR36-12,Спасово,68182,2,
SZR36-13,Средно градище,68463,1896,
SZR36-15,Целина,78330,1896,
SZR36-16,Ценово,78375,1896,
SZR36-18,Яздач,87254,1896,
SZR37-05,Паничерево,22767,2,
SZR37-09,Конаре,38203,2,
SZR38-01,Едрево,27070,2,
SZR38-02,Елхово,48163,2,
SZR38-03,Нова махала,51888,2,
TGV02-04,Капище,36169,1896,
TGV02-06,Коноп,38323,1896,
TGV02-10,Старчище,69136,1896,
TGV02-11,Стеврек,69146,2,
TGV02-13,Трескавец,73078,2,
TGV02-14,Изворово,32473,413,
TGV02-15,Таймище,72062,1896,
TGV02-16,Добротица,21703,1896,
TGV02-17,Моравка,49059,1896,
TGV02-18,Разделци,61769,1896,
TGV02-19,Любичево,44598,413,
TGV02-29,Моравица,49045,1896,
TGV02-30,Семерци,66175,1896,
TGV02-31,Черни бряг,80892,1896,
TGV02-32,Черна вода,80786,1896,
TGV22-01,Беломорци,03647,167,
TGV22-04,Величка,10481,2,
TGV22-05,Веренци,10687,2,
TGV22-06,Веселец,10728,1896,
TGV22-08,Врани кон,12156,2,
TGV22-10,Горна Хубавка,16420,2,
TGV22-12,Горно Новково,16849,1896,
TGV22-17,Зелена морава,30692,2,
TGV22-19,Звездица,31416,2,
TGV22-20,Илийно,32620,1857,
TGV22-21,Камбурово,35643,2,
TGV22-23,Козма Презвитер,37811,2,
TGV22-26,Обител,53062,167,
TGV22-27,Панайот Хитово,55327,2,
TGV22-28,Паничино,55381,1896,
TGV22-29,Петрино,56112,1896,
TGV22-30,Плъстина,56856,2,
TGV22-32,Пъдарино,58972,2,
TGV22-37,Угледно,75013,1896,
TGV22-39,Церовище,78450,2,
TGV22-40,Българаново,07243,1896,
TGV22-41,Великденче,10392,414,
TGV22-42,Висок,11212,414,
TGV22-43,Голямо църквище,15922,414,
TGV22-44,Горно Козарево,16818,1896,
TGV22-45,Горско село,17230,1896,
TGV22-46,Долна Хубавка,22280,414,
TGV22-47,Долно Козарево,22664,414,
TGV22-48,Долно Новково,22719,1896,
TGV22-49,Змейно,31262,1896,
TGV22-50,Кестеново,36806,414,
TGV22-51,Красноселци,39596,1896,
TGV22-52,Могилец,48790,414,
TGV22-53,Птичево,58774,414,
TGV22-54,Първан,59029,414,
TGV22-55,Рътлина,63639,414,
TGV22-56,Станец,68761,1896,
TGV22-57,Чернокапци,81147,414,
TGV23-01,Голямо Градище,15833,2,
TGV23-02,Горско Абланово,17172,2,
TGV23-03,Гърчиново,18407,2,
TGV23-04,Крепча,39671,2,
TGV23-05,Люблен,44608,2,
TGV24-01,Априлово,00566,2,
TGV24-02,Баба Тонка,02021,1896,
TGV24-05,Водица,11716,2,
TGV24-06,Гагово,14307,2,
TGV24-07,Глогинка,15103,2,
TGV24-10,Долна Кабда,22109,1896,
TGV24-11,Дриново,23738,2,
TGV24-12,Еленово,27259,2,
TGV24-14,Зараево,30332,2,
TGV24-15,Захари Стояново,30404,1896,
TGV24-16,Звезда,30449,1896,
TGV24-17,Кардам,36470,2,
TGV24-18,Ковачевец,37469,2,
TGV24-19,Козица,37748,660,
TGV24-21,Ломци,44286,2,
TGV24-24,Медовина,47634,2,
TGV24-25,Осиково,54208,1896,
TGV24-26,Паламарца,55213,2,
TGV24-28,Посабина,57875,1896,
TGV24-29,Садина,65067,2,
TGV24-30,Светлен,65557,2,
TGV24-31,Славяново,67091,2,
TGV24-32,Тръстика,73376,1896,
TGV24-33,Цар Асен,78077,1896,
TGV35-01,Алваново,00215,1896,
TGV35-02,Александрово,00312,1896,
TGV35-03,Баячево,03037,2,
TGV35-04,Бистра,04159,1896,
TGV35-05,Божурка,05030,2,
TGV35-06,Братово,06166,1896,
TGV35-07,Буховци,07154,2,
TGV35-08,Вардун,10121,2,
TGV35-09,Васил Левски,10238,1896,
TGV35-10,Голямо Соколово,15919,2,
TGV35-11,Горна Кабда,16225,1896,
TGV35-12,Давидово,20050,2,
TGV35-13,Драгановец,23087,2,
TGV35-14,Дългач,24520,2,
TGV35-15,Здравец,30644,2,
TGV35-16,Копрец,38501,1896,
TGV35-17,Кралево,39390,2,
TGV35-18,Лиляк,43685,2,
TGV35-19,Ловец,43935,2,
TGV35-20,Макариополско,46190,2,
TGV35-21,Момино,48920,1896,
TGV35-22,Надарево,51024,2,
TGV35-23,Овчарово,53223,2,
TGV35-25,Острец,54345,2,
TGV35-26,Пайдушко,55201,1896,
TGV35-27,Певец,55662,1896,
TGV35-28,Подгорица,57008,2,
TGV35-29,Преселец,58195,2,
TGV35-30,Пресиян,58219,1896,
TGV35-31,Пробуда,58493,2,
TGV35-32,Пролаз,58579,1896,
TGV35-33,Разбойна,61676,2,
TGV35-34,Ралица,62164,1896,
TGV35-35,Руец,63241,2,
TGV35-36,Стража,69599,2,
TGV35-37,Съединение,70545,2,
TGV35-38,Търновца,73701,2,
TGV35-39,Цветница,78297,1896,
TGV35-40,Черковна,80741,2,
TGV35-41,Буйново,06882,131,
TGV35-42,Голямо ново,15895,131,
TGV35-43,Дралфа,23546,131,
TGV35-49,Пресяк,58298,131,
TGV35-50,Росина,63077,131,
TGV35-51,Твърдинци,72148,1896,
TGV35-52,Маково,46228,1896,
TGV35-53,Миладиновци,48091,1896,
TGV35-54,Кръшно,40395,1896,
VAR01-01,Бенковски,03811,660,
VAR01-02,Близнаци,04426,2,
VAR01-03,Болярци,05311,1896,
VAR01-04,Дъбравино,24400,2,
VAR01-05,Здравец,30627,1896,
VAR01-06,Казашка река,35208,1896,
VAR01-07,Китка,37068,1896,
VAR01-09,Приселци,58445,2,
VAR01-10,Равна гора,61128,1896,
VAR01-11,Садово,65125,1896,
VAR01-12,Синдел,66490,2,
VAR01-13,Царевци,70220,2,
VAR01-14,Тръстиково,73393,2,
VAR01-15,Юнак,86057,1896,
VAR02-01,Ботево,05829,1896,
VAR02-02,Водица,11702,1896,
VAR02-03,Въглен,12406,1896,
VAR02-04,Генерал Кантарджиево,14653,660,
VAR02-06,Долище,21988,1896,
VAR02-07,Засмяно,30363,1896,
VAR02-09,Игнатиево,32278,2,
VAR02-10,Изворско,32490,2,
VAR02-11,Кичево,37099,2,
VAR02-12,Климентово,37246,1896,
VAR02-13,Крумово,39983,1896,
VAR02-14,Куманово,40590,1896,
VAR02-15,Любен Каравелово,44519,1896,
VAR02-17,Орешак,53691,1896,
VAR02-18,Осеново,54145,1896,
VAR02-21,Слънчево,67489,2,
VAR02-22,Доброглед,21587,1896,
VAR02-23,Яребична,87518,1896,
VAR04-01,Езерово,27125,2,
VAR04-03,Разделна,61741,2,
VAR04-04,Страшимирово,69763,2,
VAR05-02,Господиново,17323,1896,
VAR05-03,Дюлино,24739,1896,
VAR05-04,Попович,57635,660,
VAR06-07,Звездица,30497,2,
VAR06-08,Казашко,35211,660,
VAR06-09,Каменар,35701,2,
VAR06-10,Тополи,72709,2,
VAR06-11,Константиново,38354,162,
VAR08-01,Белоградец,03602,2,
VAR08-02,Габърница,14252,1896,
VAR08-03,Доброплодно,21645,2,
VAR08-04,Млада гвардия,48653,1896,
VAR08-05,Момчилово,49000,1896,
VAR08-06,Невша,51233,2,
VAR08-07,Неофит Рилски,51487,2,
VAR08-09,Ягнило,87206,1896,
VAR09-01,Бояна,05978,1896,
VAR09-02,Брестак,06416,2,
VAR09-03,Войводино,11836,1896,
VAR09-04,Генерал Киселово,14667,2,
VAR09-05,Генерал Колево,14670,1896,
VAR09-06,Добротич,21717,1031,
VAR09-07,Есеница,27629,1033,
VAR09-09,Изворник,32442,1896,
VAR09-11,Калоян,35506,1896,
VAR09-12,Караманите,36302,2,
VAR09-14,Метличина,47874,1896,
VAR09-15,Михалич,48524,2,
VAR09-16,Оборище,53093,1039,
VAR09-17,Радан войвода,61265,1036,
VAR09-18,Стефан Караджа,69170,2,
VAR09-20,Червенци,80529,2,
VAR09-21,Щипско,84022,1896,
VAR13-01,Булаир,07034,1896,
VAR13-03,Венелин,10611,2,
VAR13-04,Голица,15597,2,
VAR13-05,Горен чифлик,16050,2,
VAR13-06,Гроздьово,17912,2,
VAR13-07,Детелина,20701,2,
VAR13-09,Нова Шипка,51963,1896,
VAR13-10,Ново Оряхово,52115,1896,
VAR13-11,Пчелник,58921,2,
VAR13-12,Рудник,63197,2,
VAR13-13,Солник,68028,1896,
VAR13-14,Старо Оряхово,68998,2,
VAR13-15,Шкорпиловци,83404,2,
VAR14-01,Кипра,36868,2,
VAR14-02,Падина,55110,1896,
VAR16-02,Аспарухово,00789,2,
VAR16-03,Боряна,05699,1896,
VAR16-04,Величково,10495,2,
VAR16-05,Камен дял,35777,1896,
VAR16-06,Комунари,38162,1896,
VAR16-08,Лопушна,44294,2,
VAR16-09,Медовец,47620,2,
VAR16-10,Партизани,55470,2,
VAR16-11,Поляците,57457,2,
VAR16-12,Рояк,63135,660,
VAR16-13,Сава,65019,1896,
VAR16-15,Цонево,78519,2,
VAR24-01,Блъсково,04457,2,
VAR24-02,Бозвелийско,05102,2,
VAR24-03,Бързица,07507,1896,
VAR24-04,Венчан,10663,1896,
VAR24-05,Градинарово,17508,2,
VAR24-06,Добрина,21484,1896,
VAR24-07,Житница,29458,2,
VAR24-08,Златина,31005,1896,
VAR24-10,Комарево,38114,2,
VAR24-11,Кривня,39829,1896,
VAR24-12,Манастир,46975,2,
VAR24-14,Овчага,53182,1896,
VAR24-15,Петров дол,56143,1896,
VAR24-16,Равна,61073,1896,
VAR24-17,Славейково,66963,2,
VAR24-18,Снежина,67739,2,
VAR24-20,Тутраканци,73506,1896,
VAR24-21,Храброво,77387,660,
VAR24-23,Черковна,80710,1896,
VAR24-24,Черноок,81195,1896,
VAR26-01,Дръндар,23858,1896,
VAR26-03,Калиманци,35376,1896,
VAR26-04,Левски,43222,1896,
VAR26-05,Николаевка,51584,2,
VAR26-06,Чернево,80861,2,
VID01-01,Боровица,05582,1896,
VID01-10,Рабиша,61011,1896,
VID01-12,Салаш,65173,1896,
VID01-13,Стакевци,68655,1896,
VID03-04,Раброво,61039,2,
VID03-05,Бориловец,05428,1896,
VID06-01,Балей,02395,2,
VID06-02,Връв,12317,1896,
VID06-03,Гъмзово,18304,2,
VID06-04,Делейна,20568,1896,
VID06-05,Косово,38772,2,
VID06-06,Куделин,40441,660,
VID06-07,Ракитница,63700,2,
VID09-02,Антимово,00919,2,
VID09-03,Бела Рада,03280,2,
VID09-05,Буковец,06954,2,
VID09-09,Генерал Мариново,14698,1896,
VID09-10,Гомотарци,15998,2,
VID09-11,Градец,17422,2,
VID09-15,Дунавци,24061,2,
VID09-16,Жеглица,29043,1896,
VID09-18,Иново,32754,2,
VID09-19,Капитановци,36141,2,
VID09-20,Кошава,39147,2,
VID09-21,Кутово,41263,2,
VID09-25,Покрайна,57131,2,
VID09-26,Рупци,63358,1896,
VID09-28,Синаговци,66473,1896,
VID09-29,Слана бара,67180,2,
VID09-30,Сланотрън,67194,2,
VID09-31,Новоселци,52283,516,
VID09-32,Майор Узуново,46111,1896,
VID09-33,Дружба,23786,1896,
VID09-34,Каленик,35328,1896,
VID09-35,Търняне,73746,1896,
VID15-06,Тошевци,72919,1896,
VID16-01,Арчар,00672,2,
VID16-04,Воднянци,11778,1896,
VID16-06,Орешец,14489,2,
VID16-09,Извор,32370,1896,
VID16-10,Карбинци,36440,1896,
VID16-15,Медовница,47648,1896,
VID16-17,Септемврийци,66278,1896,
VID22-01,Големаново,15415,1896,
VID22-05,Старопатица,69002,2,
VID22-06,Тополовец,72775,1896,
VID22-07,Цар-Петрово,78224,1896,
VID25-02,Киреево,36885,1896,
VID25-03,Подгоре,56980,1896,
VID25-04,Раковица,62044,2,
VID30-01,Винарово,11079,2,
VID30-02,Неговановци,51264,2,
VID30-03,Флорентин,76145,1896,
VID30-04,Ясен,87583,1896,
VID33-02,Динково,21193,1896,
VID33-04,Дреновец,23672,2,
VID33-06,Бело поле,03678,2,
VID33-07,Дражинци,23515,1896,
VID33-08,Гюргич,18486,1896,
VID33-09,Черно поле,81247,1896,
VID33-10,Плешивец,56753,1896,
VID33-11,Тополовец,73924,1896,
VID37-02,Горни Лом,16571,2,
VID37-03,Долни Лом,22424,1896,
VID37-05,Репляна,62493,1896,
VID37-06,Средогрив,68518,1896,
VID37-07,Търговище,73612,1896,
VRC05-01,Добролево,21600,2,
VRC05-02,Малорад,46810,2,
VRC05-03,Нивянин,51559,2,
VRC05-04,Сираково,66617,1896,
VRC08-01,Алтимир,00401,2,
VRC08-02,Буковец,06968,1896,
VRC08-03,Бърдарски геран,07418,2,
VRC08-04,Бъркачево,07538,2,
VRC08-05,Враняк,12214,2,
VRC08-07,Габаре,14012,2,
VRC08-08,Галиче,14406,2,
VRC08-09,Драшан,23618,1896,
VRC08-10,Комарево,38128,1896,
VRC08-11,Попица,57594,2,
VRC08-12,Соколаре,67845,2,
VRC08-13,Тлачене,72521,2,
VRC08-14,Търнава,73643,2,
VRC08-15,Търнак,73660,2,
VRC10-01,Баница,02590,2,
VRC10-02,Бели извор,03438,2,
VRC10-03,Веслец,10789,1896,
VRC10-04,Вировско,11185,1896,
VRC10-05,Власатица,11555,2,
VRC10-06,Голямо Пещене,15521,2,
VRC10-07,Горно Пещене,16897,2,
VRC10-08,Девене,20376,2,
VRC10-09,Згориград,30606,2,
VRC10-10,Костелево,38875,2,
VRC10-11,Лиляче,43712,2,
VRC10-12,Лютаджик,44728,1896,
VRC10-14,Мраморен,49223,2,
VRC10-15,Нефела,51528,2,
VRC10-16,Оходен,54482,1896,
VRC10-17,Паволче,55070,2,
VRC10-18,Тишевица,72504,2,
VRC10-19,Три кладенци,73119,2,
VRC10-20,Челопек,80311,2,
VRC10-21,Чирен,81400,2,
VRC10-22,Върбица,12749,129,
VRC20-01,Бутан,07116,2,
VRC20-02,Гложене,18505,2,
VRC20-03,Крива бара,39730,2,
VRC20-04,Хърлец,77548,2,
VRC21-01,Баурене,02912,2,
VRC21-02,Ботуня,05894,1896,
VRC21-03,Галатин,14390,2,
VRC21-04,Главаци,15014,1896,
VRC21-05,Големо Бабино,15494,1896,
VRC21-06,Градешница,17453,2,
VRC21-07,Добруша,21734,1896,
VRC21-08,Краводер,39236,2,
VRC21-09,Лесура,43462,2,
VRC21-10,Осен,54064,1896,
VRC21-11,Пудрия,58788,2,
VRC21-12,Ракево,61933,2,
VRC21-13,Уровене,75143,1896,
VRC21-14,Фурен,76193,1896,
VRC27-01,Боденец,04827,2,
VRC27-02,Брусен,06598,2,
VRC27-03,Върбешница,12704,1896,
VRC27-04,Горна Бешовица,16122,1896,
VRC27-05,Горна Кремена,16256,2,
VRC27-06,Долна Кремена,22126,2,
VRC27-07,Дърманци,24668,1896,
VRC27-08,Елисейна,27317,2,
VRC27-09,Зверино,30510,2,
VRC27-10,Злидол,31190,1896,
VRC27-11,Игнатица,32281,2,
VRC27-13,Крапец,39483,1896,
VRC27-14,Крета,39709,1896,
VRC27-15,Лик,43654,2,
VRC27-16,Лютиброд,44745,1896,
VRC27-17,Лютидол,44759,1896,
VRC27-18,Моравица,49031,2,
VRC27-19,Оселна,54047,2,
VRC27-21,Очиндол,54506,1896,
VRC27-22,Ребърково,62390,1896,
VRC27-23,Руска Бела,63450,1896,
VRC27-24,Старо село,69050,1896,
VRC27-25,Типченица,72432,2,
VRC27-27,Царевец,78135,1896,
VRC28-01,Войводово,11853,1896,
VRC28-02,Крушовица,40200,2,
VRC28-03,Липница,43774,2,
VRC28-05,Софрониево,68148,2,
VRC31-01,Галово,14427,1896,
VRC31-02,Горни Вадин,16451,2,
VRC31-03,Долни Вадин,22321,1896,
VRC31-04,Лесковец,43400,2,
VRC31-05,Остров,54386,2,
VRC31-06,Селановци,70723,2,
VRC32-01,Долна Бешовица,22023,1896,
VRC32-02,Камено поле,35910,2,
VRC32-03,Кунино,40645,2,
VRC32-04,Курново,40693,1896,
VRC32-05,Радовене,61488,2,
VRC32-06,Синьо бърдо,66576,2,
VRC32-08,Стояновци,69554,1896,
VRC32-09,Струпец,69972,1896,
VRC32-10,Хубавене,77493,1896,
VRC35-02,Бързина,07497,1896,
VRC35-03,Манастирище,47010,2,
VRC35-04,Михайлово,48492,2,
VRC35-05,Рогозен,62815,2,
VTR04-01,Арбанаси,00583,1896,
VTR04-02,Балван,02364,2,
VTR04-03,Беляковец,03798,2,
VTR04-07,Водолей,11795,2,
VTR04-09,Вонеща вода,12098,1896,
VTR04-13,Дебелец,20242,2,
VTR04-14,Дичин,21244,1896,
VTR04-16,Къпиново,36107,1896,
VTR04-17,Килифарево,36837,2,
VTR04-18,Леденик,43253,2,
VTR04-19,Малки чифлик,46532,1896,
VTR04-20,Миндя,48278,1896,
VTR04-22,Никюп,51740,1896,
VTR04-23,Ново село,52177,2,
VTR04-24,Плаково,56602,1896,
VTR04-25,Присово,58459,2,
VTR04-27,Пчелище,58918,2,
VTR04-29,Ресен,62517,2,
VTR04-30,Русаля,63416,1896,
VTR04-31,Самоводене,65200,2,
VTR04-32,Хотница,77356,1896,
VTR04-33,Церова кория,78428,2,
VTR04-34,Шереметя,83123,1896,
VTR04-35,Шемшево,83586,2,
VTR06-01,Върбица,12735,2,
VTR06-02,Горски горен Тръмбеш,17107,1896,
VTR06-03,Горски долен Тръмбеш,17124,1896,
VTR06-04,Долна Оряховица,22232,2,
VTR06-05,Драганово,23100,2,
VTR06-06,Крушето,40172,2,
VTR06-07,Писарево,56472,2,
VTR06-08,Поликраище,57217,2,
VTR06-09,Правда,57981,2,
VTR06-10,Първомайци,59094,2,
VTR06-11,Стрелец,69780,1896,
VTR06-12,Янтра,87453,2,
VTR06-13,Паисий,55196,1896,
VTR13-01,Беброво,03054,2,
VTR13-04,Буйновци,06896,1896,
VTR13-07,Илаков рът,32593,1896,
VTR13-08,Каменари,35729,1896,
VTR13-09,Константин,38337,2,
VTR13-11,Майско,46125,2,
VTR13-14,Палици,55261,1896,
VTR14-01,Горско Ново село,17213,2,
VTR14-04,Калайджии,35273,1896,
VTR14-06,Резач,62431,1896,
VTR14-07,Родина,62877,2,
VTR14-10,Средно село,68494,1896,
VTR20-01,Джулюница,20835,2,
VTR20-02,Добри дял,21453,2,
VTR20-03,Драгижево,23217,2,
VTR20-04,Козаревец,37664,2,
VTR20-05,Мерданя,47826,2,
VTR22-01,Батак,02823,2,
VTR22-02,Бутово,07123,2,
VTR22-03,Бяла черква,07716,2,
VTR22-04,Вишовград,11380,1896,
VTR22-05,Върбовка,12783,2,
VTR22-06,Горна Липница,16290,2,
VTR22-07,Димча,21138,2,
VTR22-08,Дъскот,24685,2,
VTR22-09,Караисен,36289,2,
VTR22-10,Лесичери,43356,2,
VTR22-11,Михалци,48550,2,
VTR22-12,Мусина,49429,1896,
VTR22-13,Недан,51295,2,
VTR22-14,Паскалевец,55508,1896,
VTR22-15,Патреш,55573,2,
VTR22-16,Росица,63080,1896,
VTR22-17,Сломер,67475,2,
VTR22-18,Стамболово,68708,2,
VTR22-19,Долна Липница,22160,154,
VTR26-01,Вързулица,12869,1896,
VTR26-02,Стефан Стамболово,17467,1896,
VTR26-04,Иванча,32175,2,
VTR26-05,Каранци,36405,1896,
VTR26-06,Куцина,40782,2,
VTR26-07,Климентово,41246,2,
VTR26-08,Масларево,47439,2,
VTR26-09,Обединение,53014,2,
VTR26-10,Орловец,53905,2,
VTR26-11,Павел,55018,2,
VTR26-12,Полски Сеновец,57340,2,
VTR26-13,Раданово,61279,2,
VTR26-14,Петко Каравелово,65471,2,
VTR26-15,Страхилово,69732,2,
VTR28-01,Алеково,00237,2,
VTR28-02,Александрово,00285,1896,
VTR28-03,Българско Сливово,07363,2,
VTR28-04,Вардим,10118,2,
VTR28-05,Горна Студена,16393,2,
VTR28-07,Драгомирово,23431,2,
VTR28-08,Козловец,37784,2,
VTR28-09,Морава,49028,2,
VTR28-10,Овча могила,53196,2,
VTR28-11,Ореш,53672,2,
VTR28-12,Совата,67787,1896,
VTR28-13,Хаджидимитрово,77013,2,
VTR28-14,Царевец,78121,2,
VTR28-15,Червена,80457,1896,
VTR31-01,Асеново,00730,2,
VTR31-02,Балканци,02470,1896,
VTR31-03,Благоево,04282,660,
VTR31-04,Бряговица,06731,2,
VTR31-05,Виноград,11140,2,
VTR31-06,Владислав,11466,1896,
VTR31-07,Горски Сеновец,17155,1896,
VTR31-09,Камен,35657,2,
VTR31-10,Кесарево,36782,2,
VTR31-11,Лозен,44046,2,
VTR31-12,Мирово,48341,1896,
VTR31-14,Нова Върбовка,51799,1896,
VTR31-17,Сушица,70408,2,
VTR31-19,Царски извор,80203,2,
VTR32-01,Бяла река,07661,1896,
VTR32-04,Коевци,37561,1896,
